FAR_CODE_DATA_BLOCK_ID,DATA_BLOCK_FIELDS_ID,VALUE_TXT,FAR_CODE_ID
1,7,003,1
2,8,Fill as appropriate,1
3,11,P,1
4,12,COL,1
5,14,Your case ID,1
6,15,Other case ID,1
7,16,CITAX,1
8,18,=N,1
9,19,=1 (numeric),1
10,20,=1 (numeric),1
11,21,Fill as appropriate,1
12,22,=1 (numeric),1
13,23,Fill as appropriate,1
14,24,=1 (numeric),1
15,25,=0 (numeric),1
16,32,Any case type except non-IV-D,1
17,33,=O (alpha),1
18,40,Your state contact last name,1
19,41,Your state contact first name,1
20,44,Contact address,1
21,46,Contact city,1
22,47,Contact state,1
23,48,Contact ZIP Code,1
24,50,Contact phone number,1
25,63,NCP last name,1
26,64,NCP first name,1
27,67,NCP Social Security number,1
28,68,NCP date of birth,1
29,194,Participant first name,1
30,201,Fill as appropriate,1
31,202,=O (alpha),1
32,259,Date payment was received,1
33,260,Date payment was posted,1
34,261,Fill as appropriate,1
35,262,Fill as appropriate,1
36,7,003,2
37,8,Fill as appropriate,2
38,11,P,2
39,12,COL,2
40,14,Your case ID,2
41,15,Other case ID,2
42,16,CISUB,2
43,18,=N,2
44,19,=1 (numeric),2
45,21,=0 (numeric),2
46,22,=0 (numeric),2
47,23,=0 (numeric),2
48,24,=0 (numeric),2
49,25,=0 (numeric),2
50,32,Any case type except non-IV-D,2
51,33,=O (alpha),2
52,40,Your state contact last name,2
53,41,Your state contact first name,2
54,44,Contact address,2
55,46,Contact city,2
56,47,Contact state,2
57,48,Contact ZIP Code,2
58,50,Contact phone number,2
59,63,NCP last name,2
60,64,NCP first name,2
61,67,NCP Social Security number,2
62,7,003,3
63,8,Fill as appropriate,3
64,11,R,3
65,12,CSI,3
66,14,Your case ID,3
67,15,Other case ID,3
68,16,FRINF,3
69,18,=N,3
70,20,=0 (numeric),3
71,21,=0 (numeric),3
72,22,=0 (numeric),3
73,23,=0 (numeric),3
74,24,=0 (numeric),3
75,25,=0 (numeric),3
76,7,003,4
77,8,Fill as appropriate,4
78,11,R,4
79,12,CSI,4
80,14,Your case ID,4
81,15,Other case ID,4
82,16,FRNNF,4
83,18,=N,4
84,20,=0 (numeric),4
85,21,=0 (numeric),4
86,22,=0 (numeric),4
87,23,=0 (numeric),4
88,24,=0 (numeric),4
89,25,=0 (numeric),4
90,7,003,5
91,8,Fill as appropriate,5
92,11,P,5
93,12,CSI,5
94,14,Your case ID,5
95,15,Other case ID,5
96,16,FSINF,5
97,18,=N,5
98,19,=1 (numeric),5
99,21,Fill as appropriate,5
100,22,Fill as appropriate,5
101,23,Fill as appropriate,5
102,24,=0 (numeric),5
103,25,=0 (numeric),5
104,32,Any case type,5
105,33,Fill as appropriate,5
106,40,Your state contact last name,5
107,41,Your state contact first name,5
108,44,Contact address,5
109,46,Contact city,5
110,47,Contact state,5
111,48,Contact ZIP Code,5
112,50,NCP phone number,5
113,193,Participant last name,5
114,194,Participant first name,5
115,201,Fill as appropriate,5
116,7,003,6
117,8,Fill as appropriate,6
118,11,P,6
119,12,CSI,6
120,14,Your case ID,6
121,15,Other case ID,6
122,16,FUINF,6
123,18,=N,6
124,19,=0 (numeric),6
125,20,=0 (numeric),6
126,21,=0 (numeric),6
127,22,=0 (numeric),6
128,24,=0 (numeric),6
129,25,=0 (numeric),6
130,7,003,7
131,8,Fill as appropriate,7
132,11,A,7
133,12,ENF,7
134,14,Your case ID,7
135,15,Other case ID,7
136,16,AADIN,7
137,18,=N,7
138,19,=1,7
139,20,=1,7
140,21,=0 (numeric),7
141,22,=1,7
142,23,=0 (numeric),7
143,24,=0 (numeric),7
144,25,=1,7
145,32,Fill as appropriate,7
146,33,=O (alpha),7
147,40,Your state contact last name,7
148,41,Your state contact first name,7
149,44,Contact address,7
150,46,Contact city,7
151,47,Contact state,7
152,48,Contact ZIP Code,7
153,50,Contact phone number,7
154,63,NCP last name,7
155,64,NCP first name,7
156,67,NCP Social Security number,7
157,68,NCP date of birth,7
158,193,Participant last name,7
159,194,Participant first name,7
160,201,Fill as appropriate,7
161,202,=O (alpha),7
162,266,=O (alpha),7
163,268,Fill as appropriate,7
164,7,003,8
165,8,Fill as appropriate,8
166,11,A,8
167,12,ENF,8
168,14,Your case ID,8
169,15,Other case ID,8
170,16,ANOAD,8
171,18,=N,8
172,19,=1,8
173,20,=1,8
174,21,=0 (numeric),8
175,22,=1,8
176,23,=0 (numeric),8
177,24,=0 (numeric),8
178,25,=0 (numeric),8
179,32,Fill as appropriate,8
180,33,=O (alpha),8
181,40,Your state contact last name,8
182,41,Your state contact first name,8
183,44,Contact address,8
184,46,Contact city,8
185,47,Contact state,8
186,48,Contact ZIP Code,8
187,50,Contact phone number,8
188,63,NCP last name,8
189,64,NCP first name,8
190,67,NCP Social Security number,8
191,68,NCP date of birth,8
192,193,Participant last name,8
193,194,Participant first name,8
194,201,Fill as appropriate,8
195,202,=O (alpha),8
196,7,003,9
197,8,Fill as appropriate,9
198,11,P,9
199,12,ENF,9
200,14,Your case ID,9
201,15,Other case ID,9
202,16,EILMV,9
203,18,=N,9
204,19,=1,9
205,20,=1,9
206,21,=0 (numeric),9
207,22,=1,9
208,23,=0 (numeric),9
209,24,=0 (numeric),9
210,25,Fill as appropriate,9
211,32,Fill as appropriate,9
212,33,=O (alpha),9
213,40,Your state contact last name,9
214,41,Your state contact first name,9
215,44,Contact address,9
216,46,Contact city,9
217,47,Contact state,9
218,48,Contact ZIP Code,9
219,50,Contact phone number,9
220,63,NCP last name,9
221,64,NCP first name,9
222,67,NCP Social Security number,9
223,68,NCP date of birth,9
224,193,Participant last name,9
225,194,Participant first name,9
226,201,Fill as appropriate,9
227,202,=O (alpha),9
228,266,=O (alpha),9
229,268,Fill as appropriate,9
230,7,003,10
231,8,Fill as appropriate,10
232,11,P,10
233,12,ENF,10
234,14,Your case ID,10
235,15,Other case ID,10
236,16,EILRE,10
237,18,=N,10
238,19,=1,10
239,20,=1,10
240,21,=0 (numeric),10
241,22,=1,10
242,23,=0 (numeric),10
243,24,=0 (numeric),10
244,25,Fill as appropriate,10
245,32,Fill as appropriate,10
246,33,=O (alpha),10
247,40,Your state contact last name,10
248,41,Your state contact first name,10
249,44,Contact address,10
250,46,Contact city,10
251,47,Contact state,10
252,48,Contact ZIP Code,10
253,50,Contact phone number,10
254,63,NCP last name,10
255,64,NCP first name,10
256,67,NCP Social Security number,10
257,68,NCP date of birth,10
258,193,Participant last name,10
259,194,Participant first name,10
260,201,Fill as appropriate,10
261,202,=O (alpha),10
262,266,=O (alpha),10
263,268,Fill as appropriate,10
264,7,003,11
265,8,Fill as appropriate,11
266,11,P,11
267,12,ENF,11
268,14,Your case ID,11
269,15,Other case ID,11
270,16,EIWAR,11
271,18,=N,11
272,19,=1,11
273,20,=1,11
274,21,=0 (numeric),11
275,22,=1,11
276,23,=0 (numeric),11
277,24,=0 (numeric),11
278,25,Fill as appropriate,11
279,32,Fill as appropriate,11
280,33,=O (alpha),11
281,40,Your state contact last name,11
282,41,Your state contact first name,11
283,44,Contact address,11
284,46,Contact city,11
285,47,Contact state,11
286,48,Contact ZIP Code,11
287,50,Contact phone number,11
288,63,NCP last name,11
289,64,NCP first name,11
290,67,NCP Social Security number,11
291,68,NCP date of birth,11
292,193,Participant last name,11
293,194,Participant first name,11
294,201,Fill as appropriate,11
295,202,=O (alpha),11
296,266,=O (alpha),11
297,268,Fill as appropriate,11
298,7,003,12
299,8,Fill as appropriate,12
300,11,P,12
301,12,ENF,12
302,14,Your case ID,12
303,15,Other case ID,12
304,16,ESREG,12
305,18,=N,12
306,19,=1,12
307,20,=1,12
308,21,=0 (numeric),12
309,22,=1,12
310,23,=1,12
311,24,=0 (numeric),12
312,25,=0 (numeric),12
313,32,Fill as appropriate,12
314,33,=O (alpha),12
315,40,Your state contact last name,12
316,41,Your state contact first name,12
317,44,Contact address,12
318,46,Contact city,12
319,47,Contact state,12
320,48,Contact ZIP Code,12
321,50,Contact phone number,12
322,63,NCP last name,12
323,64,NCP first name,12
324,67,NCP Social Security number,12
325,68,NCP date of birth,12
326,193,Participant last name,12
327,194,Participant first name,12
328,201,Fill as appropriate,12
329,202,=O (alpha),12
330,226,FIPS code of state that issued order,12
331,227,FIPS code of county that issued order,12
332,229,The order ID,12
333,230,Date order was filed in your state,12
334,231,Fill as appropriate,12
335,232,Fill as appropriate,12
336,233,Fill as appropriate,12
337,234,Dollar amount per frequency,12
338,235,Date obligation starts to accrue,12
339,253,Y or N,12
340,7,003,13
341,8,Fill as appropriate,13
342,11,P,13
343,12,ENF,13
344,14,Your case ID,13
345,15,Other case ID,13
346,16,ESTXR,13
347,18,=N,13
348,19,=1,13
349,20,=1,13
350,21,=0 (numeric),13
351,22,=1,13
352,23,=0 (numeric),13
353,24,=0 (numeric),13
354,25,Fill as appropriate,13
355,32,Fill as appropriate,13
356,33,=O (alpha),13
357,40,Your state contact last name,13
358,41,Your state contact first name,13
359,44,Contact address,13
360,46,Contact city,13
361,47,Contact state,13
362,48,Contact ZIP Code,13
363,50,Contact phone number,13
364,63,NCP last name,13
365,64,NCP first name,13
366,67,NCP Social Security number,13
367,68,NCP date of birth,13
368,193,Participant last name,13
369,194,Participant first name,13
370,201,Fill as appropriate,13
371,202,=O (alpha),13
372,266,=O (alpha),13
373,268,Fill as appropriate,13
374,7,003,14
375,8,Fill as appropriate,14
376,11,P,14
377,12,ENF,14
378,14,Your case ID,14
379,15,Other case ID,14
380,16,EUTXR,14
381,18,=N,14
382,19,=1,14
383,20,=1,14
384,21,=0 (numeric),14
385,22,=1,14
386,23,=0 (numeric),14
387,24,=0 (numeric),14
388,25,Fill as appropriate,14
389,32,Fill as appropriate,14
390,33,=O (alpha),14
391,40,Your state contact last name,14
392,41,Your state contact first name,14
393,44,Contact address,14
394,46,Contact city,14
395,47,Contact state,14
396,48,Contact ZIP Code,14
397,50,Contact phone number,14
398,63,NCP last name,14
399,64,NCP first name,14
400,67,NCP Social Security number,14
401,68,NCP date of birth,14
402,193,Participant last name,14
403,194,Participant first name,14
404,201,Fill as appropriate,14
405,202,=O (alpha),14
406,266,=O (alpha),14
407,268,Fill as appropriate,14
408,7,003,15
409,8,Fill as appropriate,15
410,11,P,15
411,12,ENF,15
412,14,Your case ID,15
413,15,Other case ID,15
414,16,GSCOE,15
415,18,=N,15
416,19,=1,15
417,20,=1,15
418,21,=0 (numeric),15
419,22,=1,15
420,23,=1,15
421,24,=0 (numeric),15
422,25,=0 (numeric),15
423,32,Fill as appropriate,15
424,33,=O (alpha),15
425,40,Your state contact last name,15
426,41,Your state contact first name,15
427,44,Contact address,15
428,46,Contact city,15
429,47,Contact state,15
430,48,Contact ZIP Code,15
431,50,Contact phone number,15
432,63,NCP last name,15
433,64,NCP first name,15
434,67,NCP Social Security number,15
435,68,NCP date of birth,15
436,193,Participant last name,15
437,194,Participant first name,15
438,201,Fill as appropriate,15
439,202,=O (alpha),15
440,226,FIPS code of state that issued order,15
441,227,FIPS code of county that issued order,15
442,229,The order ID,15
443,230,Date order was filed in your state,15
444,231,Fill as appropriate,15
445,232,Fill as appropriate,15
446,233,Fill as appropriate,15
447,234,Dollar amount per frequency,15
448,235,Date obligation starts to accrue,15
449,253,Y or N,15
450,7,003,16
451,8,Fill as appropriate,16
452,11,P,16
453,12,ENF,16
454,14,Your case ID,16
455,15,Other case ID,16
456,16,SICPS,16
457,17,Date event occurred,16
458,18,=N,16
459,19,=1,16
460,20,=1,16
461,21,=0 (numeric),16
462,22,=1,16
463,23,=0 (numeric),16
464,24,=0 (numeric),16
465,25,=0 (numeric),16
466,32,Fill as appropriate,16
467,33,=O (alpha),16
468,40,Your state contact last name,16
469,41,Your state contact first name,16
470,44,Contact address,16
471,46,Contact city,16
472,47,Contact state,16
473,48,Contact ZIP Code,16
474,50,Contact phone number,16
475,63,NCP last name,16
476,64,NCP first name,16
477,67,NCP Social Security number,16
478,68,NCP date of birth,16
479,193,Participant last name,16
480,194,Participant first name,16
481,201,Fill as appropriate,16
482,202,=O (alpha),16
483,7,003,17
484,8,Fill as appropriate,17
485,11,R,17
486,12,ENF,17
487,14,Your case ID,17
488,16,ERARR,17
489,18,=N,17
490,19,=1,17
491,20,=1,17
492,21,=1,17
493,22,Fill as appropriate,17
494,23,=1,17
495,24,=0 (numeric),17
496,25,=0 (numeric),17
497,32,Fill as appropriate,17
498,33,=O (alpha),17
499,36,Payment city,17
500,37,Payment state,17
501,38,Payment ZIP Code,17
502,40,Your state contact last name,17
503,41,Your state contact first name,17
504,44,Contact address,17
505,46,Contact city,17
506,47,Contact state,17
507,48,Contact ZIP Code,17
508,50,Contact phone number,17
509,63,NCP last name,17
510,64,NCP first name,17
511,67,NCP Social Security number,17
512,68,NCP date of birth,17
513,83,NCP street address,17
514,85,NCP city,17
515,86,NCP state,17
516,87,NCP ZIP Code,17
517,95,Required if residential address entered,17
518,97,Fill as appropriate,17
519,193,Participant last name,17
520,194,Participant first name,17
521,197,Fill as appropriate,17
522,201,Fill as appropriate,17
523,202,=O (alpha),17
524,203,Fill as appropriate,17
525,226,FIPS code of state that issued order,17
526,227,FIPS code of county that issued order,17
527,229,The order ID,17
528,230,Date order was filed in your state,17
529,231,Fill as appropriate,17
530,232,Fill as appropriate,17
531,233,Fill as appropriate,17
532,234,Dollar amount per frequency,17
533,235,Date obligation starts to accrue,17
534,253,Y or N,17
535,7,003,18
536,8,Fill as appropriate,18
537,11,R,18
538,12,ENF,18
539,14,Your case ID,18
540,16,ERMEO,18
541,18,=N,18
542,19,=1,18
543,20,=1,18
544,21,=1,18
545,22,Fill as appropriate,18
546,23,=1,18
547,24,=0 (numeric),18
548,25,=0 (numeric),18
549,32,Fill as appropriate,18
550,33,=O (alpha),18
551,36,Payment city,18
552,37,Payment state,18
553,38,Payment ZIP Code,18
554,40,Your state contact last name,18
555,41,Your state contact first name,18
556,44,Contact address,18
557,46,Contact city,18
558,47,Contact state,18
559,48,Contact ZIP Code,18
560,50,Contact phone number,18
561,63,NCP last name,18
562,64,NCP first name,18
563,67,NCP Social Security number,18
564,68,NCP date of birth,18
565,83,NCP street address,18
566,85,NCP city,18
567,86,NCP state,18
568,87,NCP ZIP Code,18
569,95,Required if residential address entered,18
570,97,Fill as appropriate,18
571,193,Participant last name,18
572,194,Participant first name,18
573,197,Fill as appropriate,18
574,201,Fill as appropriate,18
575,202,=O (alpha),18
576,203,Fill as appropriate,18
577,226,FIPS code of state that issued order,18
578,227,FIPS code of county that issued order,18
579,229,The order ID,18
580,230,Date order was filed in your state,18
581,231,Fill as appropriate,18
582,232,Fill as appropriate,18
583,233,Fill as appropriate,18
584,234,Dollar amount per frequency,18
585,235,Date obligation starts to accrue,18
586,253,Y or N,18
587,7,003,19
588,8,Fill as appropriate,19
589,11,R,19
590,12,ENF,19
591,14,Your Case ID,19
592,16,ERREG,19
593,18,=N,19
594,19,=1,19
595,20,=1,19
596,21,=1,19
597,22,Fill as appropriate,19
598,23,=1,19
599,24,=0 (Numeric),19
600,25,Fill as appropriate,19
601,32,Fill as appropriate,19
602,33,=O (alpha),19
603,36,Payment city,19
604,37,Payment state,19
605,38,Payment ZIP Code,19
606,40,Your state contact last name,19
607,41,Your state contact first name,19
608,44,Contact address,19
609,46,Contact city,19
610,47,Contact state,19
611,48,Contact ZIP Code,19
612,50,Contact phone number,19
613,63,NCP last name,19
614,64,NCP first name,19
615,67,NCP Social Security number,19
616,68,NCP date of birth,19
617,83,NCP street address,19
618,85,NCP city,19
619,86,NCP state,19
620,87,NCP ZIP Code,19
621,95,Required if residential address entered,19
622,97,Fill as appropriate,19
623,193,Participant last name,19
624,194,Participant first name,19
625,197,Fill as appropriate,19
626,201,Fill as appropriate,19
627,202,=O (alpha),19
628,203,Fill as appropriate,19
629,226,FIPS code of state that issued order,19
630,227,FIPS code of county that issued order,19
631,229,The order ID,19
632,230,Date order was filed in your state,19
633,231,Fill as appropriate,19
634,232,Fill as appropriate,19
635,233,Fill as appropriate,19
636,234,Dollar amount per frequency,19
637,235,Date obligation starts to accrue,19
638,253,Y or N,19
639,266,=O (alpha),19
640,268,Fill as appropriate,19
641,7,003,20
642,8,Fill as appropriate,20
643,11,R,20
644,12,ENF,20
645,14,Your case ID,20
646,16,ERREO,20
647,18,=N,20
648,19,=1,20
649,20,=1,20
650,21,=1,20
651,22,Fill as appropriate,20
652,23,=1,20
653,24,=0 (numeric),20
654,25,=0 (numeric),20
655,32,Fill as appropriate,20
656,33,=O (alpha),20
657,36,Payment city,20
658,37,Payment state,20
659,38,Payment ZIP Code,20
660,40,Your state contact last name,20
661,41,Your state contact first name,20
662,44,Contact address,20
663,46,Contact city,20
664,47,Contact state,20
665,48,Contact ZIP Code,20
666,50,Contact phone number,20
667,63,NCP last name,20
668,64,NCP first name,20
669,67,NCP Social Security number,20
670,68,NCP date of birth,20
671,83,NCP street address,20
672,85,NCP city,20
673,86,NCP state,20
674,87,NCP ZIP Code,20
675,95,Required if residential address entered,20
676,97,Fill as appropriate,20
677,193,Participant last name,20
678,194,Participant first name,20
679,197,Fill as appropriate,20
680,201,Fill as appropriate,20
681,202,=O (alpha),20
682,203,Fill as appropriate,20
683,226,FIPS code of state that issued order,20
684,227,FIPS code of county that issued order,20
685,229,The order ID,20
686,230,Date order was filed in your state,20
687,231,Fill as appropriate,20
688,232,Fill as appropriate,20
689,233,Fill as appropriate,20
690,234,Dollar amount per frequency,20
691,235,Date obligation starts to accrue,20
692,253,Y or N,20
693,7,003,21
694,8,Fill as appropriate,21
695,11,R,21
696,14,Your case ID,21
697,16,ERRES,21
698,18,=N,21
699,19,=1,21
700,20,=1,21
701,21,=1,21
702,22,Fill as appropriate,21
703,23,=1,21
704,24,=0 (numeric),21
705,25,=0 (numeric),21
706,32,Fill as appropriate,21
707,33,=O (alpha),21
708,36,Payment city,21
709,37,Payment state,21
710,38,Payment ZIP Code,21
711,40,Your state contact last name,21
712,41,Your state contact first name,21
713,44,Contact address,21
714,46,Contact city,21
715,47,Contact state,21
716,48,Contact ZIP Code,21
717,50,Contact phone number,21
718,63,NCP last name,21
719,64,NCP first name,21
720,67,NCP Social Security number,21
721,68,NCP date of birth,21
722,83,NCP street address,21
723,85,NCP city,21
724,86,NCP state,21
725,87,NCP ZIP Code,21
726,95,Required if residential address entered,21
727,97,Fill as appropriate,21
728,193,Participant last name,21
729,194,Participant first name,21
730,197,Fill as appropriate,21
731,201,Fill as appropriate,21
732,202,=O (alpha),21
733,203,Fill as appropriate,21
734,226,FIPS code of state that issued order,21
735,227,FIPS code of county that issued order,21
736,229,The order ID,21
737,230,Date order was filed in your state,21
738,231,Fill as appropriate,21
739,232,Fill as appropriate,21
740,233,Fill as appropriate,21
741,234,Dollar amount per frequency,21
742,235,Date obligation starts to accrue,21
743,253,Y or N,21
744,7,003,22
745,8,Fill as appropriate,22
746,11,R,22
747,12,ENF,22
748,14,Your case ID,22
749,16,ERTXR,22
750,18,=N,22
751,19,=1,22
752,20,=1,22
753,21,=1,22
754,22,Fill as appropriate,22
755,23,=1,22
756,24,=0 (numeric),22
757,25,Fill as appropriate,22
758,32,Fill as appropriate,22
759,33,=O (alpha),22
760,36,Payment city,22
761,37,Payment state,22
762,38,Payment ZIP Code,22
763,40,Your state contact last name,22
764,41,Your state contact first name,22
765,44,Contact address,22
766,46,Contact city,22
767,47,Contact state,22
768,48,Contact ZIP Code,22
769,50,Contact phone number,22
770,63,NCP last name,22
771,64,NCP first name,22
772,67,NCP Social Security number,22
773,68,NCP date of birth,22
774,83,NCP street address,22
775,85,NCP city,22
776,86,NCP state,22
777,87,NCP ZIP Code,22
778,95,Required if residential address entered,22
779,97,Fill as appropriate,22
780,193,Participant last name,22
781,194,Participant first name,22
782,197,Fill as appropriate,22
783,201,Fill as appropriate,22
784,202,=O (alpha),22
785,203,Fill as appropriate,22
786,226,FIPS code of state that issued order,22
787,227,FIPS code of county that issued order,22
788,229,The order ID,22
789,230,Date order was filed in your state,22
790,231,Fill as appropriate,22
791,232,Fill as appropriate,22
792,233,Fill as appropriate,22
793,234,Dollar amount per frequency,22
794,235,Date obligation starts to accrue,22
795,253,Y or N,22
796,266,=O (alpha),22
797,268,Fill as appropriate,22
798,7,003,23
799,8,Fill as appropriate,23
800,11,R,23
801,12,ENF,23
802,14,Your case ID,23
803,16,ERALL,23
804,18,=N,23
805,19,=1,23
806,20,=1,23
807,21,=1,23
808,22,Fill as appropriate,23
809,23,=1,23
810,24,=0 (numeric),23
811,25,=0 (numeric),23
812,32,Fill as appropriate,23
813,33,=O (alpha),23
814,36,Payment city,23
815,37,Payment state,23
816,38,Payment ZIP Code,23
817,40,Your state contact last name,23
818,41,Your state contact first name,23
819,44,Contact address,23
820,46,Contact city,23
821,47,Contact state,23
822,48,Contact ZIP Code,23
823,50,Contact phone number,23
824,63,NCP last name,23
825,64,NCP first name,23
826,67,NCP Social Security number,23
827,68,NCP date of birth,23
828,83,NCP street address,23
829,85,NCP city,23
830,86,NCP state,23
831,87,NCP ZIP Code,23
832,95,Required if residential address entered,23
833,97,Fill as appropriate,23
834,193,Participant last name,23
835,194,Participant first name,23
836,197,Fill as appropriate,23
837,201,Fill as appropriate,23
838,202,=O (alpha),23
839,203,Fill as appropriate,23
840,226,FIPS code of state that issued order,23
841,227,FIPS code of county that issued order,23
842,229,The order ID,23
843,230,Date order was filed in your state,23
844,231,Fill as appropriate,23
845,232,Fill as appropriate,23
846,233,Fill as appropriate,23
847,234,Dollar amount per frequency,23
848,235,Date obligation starts to accrue,23
849,253,Y or N,23
850,266,=O (alpha),23
851,268,Fill as appropriate,23
852,7,003,24
853,8,Fill as appropriate,24
854,11,R,24
855,12,ENF,24
856,14,Your case ID,24
857,16,ERMEE,24
858,18,=N,24
859,19,=1,24
860,20,=1,24
861,21,=1,24
862,22,Fill as appropriate,24
863,23,=1,24
864,24,=0 (numeric),24
865,25,=0 (numeric),24
866,32,Fill as appropriate,24
867,33,=O (alpha),24
868,36,Payment city,24
869,37,Payment state,24
870,38,Payment ZIP Code,24
871,40,Your state contact last name,24
872,41,Your state contact first name,24
873,44,Contact address,24
874,46,Contact city,24
875,47,Contact state,24
876,48,Contact ZIP Code,24
877,50,Contact phone number,24
878,63,NCP last name,24
879,64,NCP first name,24
880,67,NCP Social Security number,24
881,68,NCP date of birth,24
882,83,NCP street address,24
883,85,NCP city,24
884,86,NCP state,24
885,87,NCP ZIP Code,24
886,95,Required if residential address entered,24
887,97,Fill as appropriate,24
888,193,Participant last name,24
889,194,Participant first name,24
890,197,Fill as appropriate,24
891,201,Fill as appropriate,24
892,202,=O (alpha),24
893,203,Fill as appropriate,24
894,226,FIPS code of state that issued order,24
895,227,FIPS code of county that issued order,24
896,229,The order ID,24
897,230,Date order was filed in your state,24
898,231,Fill as appropriate,24
899,232,Fill as appropriate,24
900,233,Fill as appropriate,24
901,234,Dollar amount per frequency,24
902,235,Date obligation starts to accrue,24
903,253,Y or N,24
904,7,003,25
905,8,Fill as appropriate,25
906,11,R,25
907,12,ENF,25
908,14,Your case ID,25
909,16,ERMEM,25
910,18,=N,25
911,19,=1,25
912,20,=1,25
913,21,=1,25
914,22,Fill as appropriate,25
915,23,=1,25
916,24,=0 (numeric),25
917,25,=0 (numeric),25
918,32,Fill as appropriate,25
919,33,=O (alpha),25
920,36,Payment city,25
921,37,Payment state,25
922,38,Payment ZIP Code,25
923,40,Your state contact last name,25
924,41,Your state contact first name,25
925,44,Contact address,25
926,46,Contact city,25
927,47,Contact state,25
928,48,Contact ZIP Code,25
929,50,Contact phone number,25
930,63,NCP last name,25
931,64,NCP first name,25
932,67,NCP Social Security number,25
933,68,NCP date of birth,25
934,83,NCP street address,25
935,85,NCP city,25
936,86,NCP state,25
937,87,NCP ZIP Code,25
938,95,Required if residential address entered,25
939,97,Fill as appropriate,25
940,193,Participant last name,25
941,194,Participant first name,25
942,197,Fill as appropriate,25
943,201,Fill as appropriate,25
944,202,=O (alpha),25
945,203,Fill as appropriate,25
946,226,FIPS code of state that issued order,25
947,227,FIPS code of county that issued order,25
948,229,The order ID,25
949,230,Date order was filed in your state,25
950,231,Fill as appropriate,25
951,232,Fill as appropriate,25
952,233,Fill as appropriate,25
953,234,Dollar amount per frequency,25
954,235,Date obligation starts to accrue,25
955,253,Y or N,25
956,7,003,57
957,8,Fill as appropriate,57
958,11,A,57
959,12,EST,57
960,14,Your case ID,57
961,15,Other case ID,57
962,16,AADIN,57
963,18,=N,57
964,19,=1,57
965,20,=1,57
966,21,=0 (numeric),57
967,22,=1,57
968,23,=0 (numeric),57
969,24,=0 (numeric),57
970,25,=1,57
971,32,Fill as appropriate,57
972,33,=O (alpha),57
973,40,Your state contact,57
974,41,Your state contact,57
975,44,Contact address,57
976,46,Contact city,57
977,47,Contact state,57
978,48,Contact ZIP Code,57
979,50,Contact phone number,57
980,63,NCP last name,57
981,64,NCP first name,57
982,67,NCP Social Security number,57
983,68,NCP date of birth,57
984,193,Participant last name,57
985,194,Participant first name,57
986,201,Fill as appropriate,57
987,202,=O (alpha),57
988,266,=O (alpha),57
989,268,Fill as appropriate,57
990,7,003,58
991,8,Fill as appropriate,58
992,11,A,58
993,12,EST,58
994,14,Your case ID,58
995,15,Other case ID,58
996,16,ANOAD,58
997,18,=N,58
998,19,=1,58
999,20,=1,58
1000,21,=0 (numeric),58
1001,22,=1,58
1002,23,=0 (numeric),58
1003,24,=0 (numeric),58
1004,25,=0 (numeric),58
1005,32,Fill as appropriate,58
1006,33,=O (alpha),58
1007,40,Your state contact,58
1008,41,Your state contact,58
1009,44,Contact address,58
1010,46,Contact city,58
1011,47,Contact state,58
1012,48,Contact ZIP Code,58
1013,63,NCP last name,58
1014,64,NCP first name,58
1015,67,NCP Social Security number,58
1016,68,NCP date of birth,58
1017,193,Participant last name,58
1018,194,Participant first name,58
1019,201,Fill as appropriate,58
1020,202,=O (alpha),58
1021,7,003,59
1022,8,Fill as appropriate,59
1023,11,P,59
1024,12,EST,59
1025,14,Your case ID,59
1026,15,Other case ID,59
1027,16,GSCOE,59
1028,18,=N,59
1029,19,=1,59
1030,20,=1,59
1031,21,=0 (numeric),59
1032,22,Fill as appropriate,59
1033,23,=1,59
1034,24,=0 (numeric),59
1035,25,=0 (numeric),59
1036,32,Fill as appropriate,59
1037,33,=O (alpha),59
1038,40,Your state contact last name,59
1039,41,Your state contact first name,59
1040,44,Contact address,59
1041,46,Contact city,59
1042,47,Contact state,59
1043,48,Contact ZIP Code,59
1044,50,Contact phone number,59
1045,63,NCP last name,59
1046,64,NCP first name,59
1047,67,NCP Social Security number,59
1048,68,NCP date of birth,59
1049,193,Participant last name,59
1050,194,Participant first name,59
1051,201,Fill as appropriate,59
1052,202,=O (alpha),59
1053,226,FIPS code of state that issued order,59
1054,227,FIPS code of county that issued order,59
1055,229,The order ID,59
1056,230,Date order was filed in your state,59
1057,231,Fill as appropriate,59
1058,232,Fill as appropriate,59
1059,233,Fill as appropriate,59
1060,234,Dollar amount per frequency,59
1061,235,Date obligation starts to accrue,59
1062,253,Y or N,59
1063,7,003,60
1064,8,Fill as appropriate,60
1065,11,P,60
1066,12,EST,60
1067,14,Your case ID,60
1068,15,Other case ID,60
1069,16,SICHS,60
1070,17,The date the event will occur,60
1071,18,=N,60
1072,19,=1,60
1073,20,=1,60
1074,21,=0 (numeric),60
1075,22,Fill as appropriate,60
1076,23,=0 (numeric),60
1077,24,=0 (numeric),60
1078,25,Fill as appropriate,60
1079,32,Fill as appropriate,60
1080,33,=O (alpha),60
1081,40,Your state contact last name,60
1082,41,Your state contact first name,60
1083,44,Contact address,60
1084,46,Contact city,60
1085,47,Contact state,60
1086,48,Contact ZIP Code,60
1087,50,Contact phone number,60
1088,63,NCP last name,60
1089,64,NCP first name,60
1090,67,NCP Social Security number,60
1091,68,NCP date of birth,60
1092,193,Participant last name,60
1093,194,Participant first name,60
1094,201,Fill as appropriate,60
1095,202,=O (alpha),60
1096,266,=O (alpha),60
1097,268,Fill as appropriate,60
1098,7,003,61
1099,8,Fill as appropriate,61
1100,11,P,61
1101,12,EST,61
1102,14,Your case ID,61
1103,15,Other case ID,61
1104,16,SSADJ,61
1105,18,=N,61
1106,19,=1,61
1107,20,=1,61
1108,21,=0 (numeric),61
1109,22,Fill as appropriate,61
1110,23,=0 (numeric),61
1111,24,=0 (numeric),61
1112,25,=0 (numeric),61
1113,32,Fill as appropriate,61
1114,33,=O (alpha),61
1115,40,Your state contact last name,61
1116,41,Your state contact first name,61
1117,44,Contact address,61
1118,46,Contact city,61
1119,47,Contact state,61
1120,48,Contact ZIP Code,61
1121,50,Contact phone number,61
1122,63,NCP last name,61
1123,64,NCP first name,61
1124,67,NCP Social Security number,61
1125,68,NCP date of birth,61
1126,193,Participant last name,61
1127,194,Participant first name,61
1128,201,Fill as appropriate,61
1129,202,=O (alpha),61
1130,7,003,62
1131,8,Fill as appropriate,62
1132,11,P,62
1133,12,EST,62
1134,14,Your case ID,62
1135,15,Other case ID,62
1136,16,SSEST,62
1137,18,=N,62
1138,19,=1,62
1139,20,=1,62
1140,21,=0 (numeric),62
1141,22,Fill as appropriate,62
1142,23,=1,62
1143,24,=0 (numeric),62
1144,25,=0 (numeric),62
1145,32,Fill as appropriate,62
1146,33,=O (alpha),62
1147,40,Your state contact last name,62
1148,41,Your state contact first name,62
1149,44,Contact address,62
1150,46,Contact city,62
1151,47,Contact state,62
1152,48,Contact ZIP Code,62
1153,50,Contact phone number,62
1154,63,NCP last name,62
1155,64,NCP first name,62
1156,67,NCP Social Security number,62
1157,68,NCP date of birth,62
1158,193,Participant last name,62
1159,194,Participant first name,62
1160,201,Fill as appropriate,62
1161,202,=O (alpha),62
1162,226,FIPS code of state that issued order,62
1163,227,FIPS code of county that issued order,62
1164,229,The order ID,62
1165,230,Date order was filed in your state,62
1166,231,Fill as appropriate,62
1167,232,Fill as appropriate,62
1168,233,Fill as appropriate,62
1169,234,Dollar amount per frequency,62
1170,235,Date obligation starts to accrue,62
1171,253,Y or N,62
1172,7,003,63
1173,8,Fill as appropriate,63
1174,11,P,63
1175,12,EST,63
1176,14,Your case ID,63
1177,15,Other case ID,63
1178,16,SSMOD,63
1179,18,=N,63
1180,19,=1,63
1181,20,=1,63
1182,21,=0 (numeric),63
1183,22,Fill as appropriate,63
1184,23,=1,63
1185,24,=0 (numeric),63
1186,25,=0 (numeric),63
1187,32,Fill as appropriate,63
1188,33,=O (alpha),63
1189,40,Your state contact last name,63
1190,41,Your state contact first name,63
1191,44,Contact address,63
1192,46,Contact city,63
1193,47,Contact state,63
1194,48,Contact ZIP Code,63
1195,50,Contact phone number,63
1196,63,NCP last name,63
1197,64,NCP first name,63
1198,67,NCP Social Security number,63
1199,68,NCP date of birth,63
1200,193,Participant last name,63
1201,194,Participant first name,63
1202,201,Fill as appropriate,63
1203,202,=O (alpha),63
1204,226,FIPS code of state that issued order,63
1205,227,FIPS code of county that issued order,63
1206,229,The order ID,63
1207,230,Date order was filed in your state,63
1208,231,Fill as appropriate,63
1209,232,Fill as appropriate,63
1210,233,Fill as appropriate,63
1211,234,Dollar amount per frequency,63
1212,235,Date obligation starts to accrue,63
1213,253,Y or N,63
1214,7,003,64
1215,8,Fill as appropriate,64
1216,11,P,64
1217,12,EST,64
1218,14,Your case ID,64
1219,15,Other case ID,64
1220,16,SUADJ,64
1221,18,=N,64
1222,19,=1,64
1223,20,=1,64
1224,21,=0 (numeric),64
1225,22,Fill as appropriate,64
1226,23,=0 (numeric),64
1227,24,=0 (numeric),64
1228,25,Fill as appropriate,64
1229,32,Fill as appropriate,64
1230,33,=O (alpha),64
1231,40,Your state contact last name,64
1232,41,Your state contact first name,64
1233,44,Contact address,64
1234,46,Contact city,64
1235,47,Contact state,64
1236,48,Contact ZIP Code,64
1237,50,Contact phone number,64
1238,63,NCP last name,64
1239,64,NCP first name,64
1240,67,NCP Social Security number,64
1241,68,NCP date of birth,64
1242,193,Participant last name,64
1243,194,Participant first name,64
1244,201,Fill as appropriate,64
1245,202,=O (alpha),64
1246,7,003,65
1247,8,Fill as appropriate,65
1248,11,P,65
1249,12,EST,65
1250,14,Your case ID,65
1251,15,Other case ID,65
1252,16,SUEST,65
1253,18,=N,65
1254,19,=1,65
1255,20,=1,65
1256,21,=0 (numeric),65
1257,22,Fill as appropriate,65
1258,23,=0 (numeric),65
1259,24,=0 (numeric),65
1260,25,Fill as appropriate,65
1261,32,Fill as appropriate,65
1262,33,=O (alpha),65
1263,40,Your state contact last name,65
1264,41,Your state contact first name,65
1265,44,Contact address,65
1266,46,Contact city,65
1267,47,Contact state,65
1268,48,Contact ZIP Code,65
1269,50,Contact phone number,65
1270,63,NCP last name,65
1271,64,NCP first name,65
1272,67,NCP Social Security number,65
1273,68,NCP date of birth,65
1274,193,Participant last name,65
1275,194,Participant first name,65
1276,201,Fill as appropriate,65
1277,202,=O (alpha),65
1278,266,=O (alpha),65
1279,268,Fill as appropriate,65
1280,7,003,66
1281,8,Fill as appropriate,66
1282,11,P,66
1283,12,EST,66
1284,14,Your case ID,66
1285,15,Other case ID,66
1286,16,SUMOD,66
1287,18,=N,66
1288,19,=1,66
1289,20,=1,66
1290,21,=0 (numeric),66
1291,22,=1,66
1292,23,=1,66
1293,24,=0 (numeric),66
1294,25,Fill as appropriate,66
1295,32,Fill as appropriate,66
1296,33,=O (alpha),66
1297,40,Your state contact last name,66
1298,41,Your state contact first name,66
1299,44,Contact address,66
1300,46,Contact city,66
1301,47,Contact state,66
1302,48,Contact ZIP Code,66
1303,50,Contact phone number,66
1304,63,NCP last name,66
1305,64,NCP first name,66
1306,67,NCP Social Security number,66
1307,68,NCP date of birth,66
1308,193,Participant last name,66
1309,194,Participant first name,66
1310,201,Fill as appropriate,66
1311,202,=O (alpha),66
1312,226,FIPS code of state that issued order,66
1313,227,FIPS code of county that issued order,66
1314,229,The order ID,66
1315,230,Date order was filed in your state,66
1316,231,Fill as appropriate,66
1317,232,Fill as appropriate,66
1318,233,Fill as appropriate,66
1319,234,Dollar amount per frequency,66
1320,235,Date obligation starts to accrue,66
1321,253,Y or N,66
1322,266,=O (alpha),66
1323,268,Fill as appropriate,66
1324,7,003,67
1325,8,Fill as appropriate,67
1326,11,R,67
1327,12,EST,67
1328,14,Your case ID,67
1329,16,SRADJ,67
1330,18,=N,67
1331,19,=1,67
1332,20,=1,67
1333,21,=1,67
1334,22,Fill as appropriate,67
1335,23,=1,67
1336,24,=0 (numeric),67
1337,25,=0 (numeric),67
1338,32,Fill as appropriate,67
1339,33,=O (alpha),67
1340,36,Payment city,67
1341,37,Payment state,67
1342,38,Payment ZIP Code,67
1343,40,Your state contact last name,67
1344,41,Your state contact first name,67
1345,44,Contact address,67
1346,46,Contact city,67
1347,47,Contact state,67
1348,48,Contact ZIP Code,67
1349,50,Contact phone number,67
1350,63,NCP last name,67
1351,64,NCP first name,67
1352,67,NCP Social Security number,67
1353,68,NCP date of birth,67
1354,83,NCP street address,67
1355,85,NCP city,67
1356,86,NCP state,67
1357,87,NCP ZIP Code,67
1358,95,Required if residential address entered,67
1359,97,Fill as appropriate,67
1360,193,Participant last name,67
1361,194,Participant first name,67
1362,197,Fill as appropriate,67
1363,198,Participant’s Social Security number,67
1364,201,Fill as appropriate,67
1365,202,=O (alpha),67
1366,203,Fill as appropriate,67
1367,226,FIPS code of state that issued order,67
1368,227,FIPS code of county that issued order,67
1369,229,The order ID,67
1370,230,Date order was filed in your state,67
1371,231,Fill as appropriate,67
1372,232,Fill as appropriate,67
1373,233,Fill as appropriate,67
1374,234,Dollar amount per frequency,67
1375,235,Date obligation starts to accrue,67
1376,253,Y or N,67
1377,7,003,68
1378,8,Fill as appropriate,68
1379,11,R,68
1380,12,EST,68
1381,14,Your case ID,68
1382,15,Other case ID,68
1383,16,SRMOD,68
1384,18,=N,68
1385,19,=1,68
1386,20,=1,68
1387,21,=1,68
1388,22,Fill as appropriate,68
1389,23,=1,68
1390,24,=0 (numeric),68
1391,25,=0 (numeric),68
1392,32,Fill as appropriate,68
1393,33,=O (alpha),68
1394,36,Payment city,68
1395,37,Payment state,68
1396,38,Payment ZIP Code,68
1397,40,Your state contact last name,68
1398,41,Your state contact first name,68
1399,44,Contact address,68
1400,46,Contact city,68
1401,47,Contact state,68
1402,48,Contact ZIP Code,68
1403,50,Contact phone number,68
1404,63,NCP last name,68
1405,64,NCP first name,68
1406,67,NCP Social Security number,68
1407,68,NCP date of birth,68
1408,83,NCP street address,68
1409,85,NCP city,68
1410,86,NCP state,68
1411,87,NCP ZIP Code,68
1412,95,Required if residential address entered,68
1413,97,Fill as appropriate,68
1414,193,Participant last name,68
1415,194,Participant first name,68
1416,197,Fill as appropriate,68
1417,198,Participant’s Social Security number,68
1418,201,Fill as appropriate,68
1419,202,=O (alpha),68
1420,203,Fill as appropriate,68
1421,226,FIPS code of state that issued order,68
1422,227,FIPS code of county that issued order,68
1423,229,The order ID,68
1424,230,Date order was filed in your state,68
1425,231,Fill as appropriate,68
1426,232,Fill as appropriate,68
1427,233,Fill as appropriate,68
1428,234,Dollar amount per frequency,68
1429,235,Date obligation starts to accrue,68
1430,253,Y or N,68
1431,7,003,69
1432,8,Fill as appropriate,69
1433,11,R,69
1434,12,EST,69
1435,14,Your case ID,69
1436,16,SRMOC,69
1437,18,=N,69
1438,19,=1,69
1439,20,=1,69
1440,21,=1,69
1441,22,Fill as appropriate,69
1442,23,=0 (numeric),69
1443,24,=0 (numeric),69
1444,25,=0 (numeric),69
1445,32,Fill as appropriate,69
1446,33,=O (alpha),69
1447,36,Payment city,69
1448,37,Payment state,69
1449,38,Payment ZIP Code,69
1450,40,Your state contact last name,69
1451,41,Your state contact first name,69
1452,44,Contact address,69
1453,46,Contact city,69
1454,47,Contact state,69
1455,48,Contact ZIP Code,69
1456,50,Contact phone number,69
1457,63,NCP last name,69
1458,64,NCP first name,69
1459,67,NCP Social Security number,69
1460,68,NCP date of birth,69
1461,83,NCP street address,69
1462,85,NCP city,69
1463,86,NCP state,69
1464,87,NCP ZIP Code,69
1465,95,Required if residential address entered,69
1466,97,Fill as appropriate,69
1467,193,Participant last name,69
1468,194,Participant first name,69
1469,197,Fill as appropriate,69
1470,198,Participant’s Social Security number,69
1471,201,Fill as appropriate,69
1472,202,=O (alpha),69
1473,203,Fill as appropriate,69
1474,7,003,70
1475,8,Fill as appropriate,70
1476,11,R,70
1477,12,EST,70
1478,14,Your case ID,70
1479,16,SROPP,70
1480,18,=N,70
1481,19,=1,70
1482,20,=1,70
1483,21,=1,70
1484,22,Fill as appropriate,70
1485,23,=0 (numeric),70
1486,24,=0 (numeric),70
1487,25,=0 (numeric),70
1488,32,Fill as appropriate,70
1489,33,=O (alpha),70
1490,36,Payment city,70
1491,37,Payment state,70
1492,38,Payment ZIP Code,70
1493,40,Your state contact last name,70
1494,41,Your state contact first name,70
1495,44,Contact address,70
1496,46,Contact city,70
1497,47,Contact state,70
1498,48,Contact ZIP Code,70
1499,50,Contact phone number,70
1500,63,NCP last name,70
1501,64,NCP first name,70
1502,67,NCP Social Security number,70
1503,68,NCP date of birth,70
1504,83,NCP street address,70
1505,85,NCP city,70
1506,86,NCP state,70
1507,87,NCP ZIP Code,70
1508,95,Required if residential address entered,70
1509,97,Fill as appropriate,70
1510,193,Participant last name,70
1511,194,Participant first name,70
1512,197,Fill as appropriate,70
1513,198,Participant’s Social Security number,70
1514,201,Fill as appropriate,70
1515,202,=O (alpha),70
1516,203,Fill as appropriate,70
1517,7,003,71
1518,8,Fill as appropriate,71
1519,11,R,71
1520,12,EST,71
1521,14,Your case ID,71
1522,16,SRORD,71
1523,18,=N,71
1524,19,=1,71
1525,20,=1,71
1526,21,=1,71
1527,22,Fill as appropriate,71
1528,23,=0 (numeric),71
1529,24,=0 (numeric),71
1530,25,=0 (numeric),71
1531,32,Fill as appropriate,71
1532,33,=O (alpha),71
1533,36,Payment city,71
1534,37,Payment state,71
1535,38,Payment ZIP Code,71
1536,40,Your state contact last name,71
1537,41,Your state contact first name,71
1538,44,Contact address,71
1539,46,Contact city,71
1540,47,Contact state,71
1541,48,Contact ZIP Code,71
1542,50,Contact phone number,71
1543,63,NCP last name,71
1544,64,NCP first name,71
1545,67,NCP Social Security number,71
1546,68,NCP date of birth,71
1547,83,NCP street address,71
1548,85,NCP city,71
1549,86,NCP state,71
1550,87,NCP ZIP Code,71
1551,95,Required if residential address entered,71
1552,97,Fill as appropriate,71
1553,193,Participant last name,71
1554,194,Participant first name,71
1555,197,Fill as appropriate,71
1556,198,Participant’s Social Security number,71
1557,201,Fill as appropriate,71
1558,202,=O (alpha),71
1559,203,Fill as appropriate,71
1560,7,003,72
1561,8,Fill as appropriate,72
1562,11,R,72
1563,12,PAT,72
1564,14,Your case ID,72
1565,16,SRPAT,72
1566,18,=N,72
1567,19,=1,72
1568,20,=1,72
1569,21,=1,72
1570,22,Fill as appropriate,72
1571,23,=0 (numeric),72
1572,24,=0 (numeric),72
1573,25,=0 (numeric),72
1574,32,Fill as appropriate,72
1575,33,=O (alpha),72
1576,36,Payment city,72
1577,37,Payment state,72
1578,38,Payment ZIP Code,72
1579,40,Your state contact last name,72
1580,41,Your state contact first name,72
1581,44,Contact address,72
1582,46,Contact city,72
1583,47,Contact state,72
1584,48,Contact ZIP Code,72
1585,50,Contact phone number,72
1586,63,NCP last name,72
1587,64,NCP first name,72
1588,67,NCP Social Security number,72
1589,68,NCP date of birth,72
1590,83,NCP street address,72
1591,85,NCP City,72
1592,86,NCP state,72
1593,87,NCP ZIP Code,72
1594,95,Required if residential address entered,72
1595,97,Fill as appropriate,72
1596,193,Participant last name,72
1597,194,Participant first name,72
1598,197,Fill as appropriate,72
1599,201,Fill as appropriate,72
1600,202,=O (alpha),72
1601,203,Fill as appropriate,72
1602,266,=O (alpha),72
1603,268,Fill as appropriate,72
1604,7,003,97
1605,8,Fill as appropriate,97
1606,11,P,97
1607,12,LO1,97
1608,15,Other case ID,97
1609,16,LICAD,97
1610,18,=N,97
1611,19,=1,97
1612,20,=1,97
1613,21,=1,97
1614,22,=0 (numeric),97
1615,23,=0 (numeric),97
1616,24,=0 (numeric),97
1617,25,=0 (numeric),97
1618,32,Any case type,97
1619,33,=O (alpha),97
1620,40,Your state contact last name,97
1621,41,Your state contact first name,97
1622,44,Contact address,97
1623,46,Contact city,97
1624,47,Contact state,97
1625,48,Contact ZIP Code,97
1626,50,Contact phone number,97
1627,63,NCP last name,97
1628,64,NCP first name,97
1629,67,NCP Social Security number,97
1630,68,NCP date of birth,97
1631,83,Street address,97
1632,85,City,97
1633,86,State,97
1634,87,ZIP Code,97
1635,95,Required if residential address entered,97
1636,97,=N,97
1637,7,003,98
1638,8,Fill as appropriate,98
1639,11,P,98
1640,12,LO1,98
1641,15,Other case ID,98
1642,16,LICEM,98
1643,18,=N,98
1644,19,=1,98
1645,20,=1,98
1646,21,=1,98
1647,22,=0 (numeric),98
1648,23,=0 (numeric),98
1649,24,=0 (numeric),98
1650,25,=0 (numeric),98
1651,32,Any case type,98
1652,33,=O (alpha),98
1653,40,Your state contact last name,98
1654,41,Your state contact first name,98
1655,44,Contact address,98
1656,46,Contact city,98
1657,47,Contact state,98
1658,48,Contact ZIP Code,98
1659,50,Contact phone number,98
1660,63,NCP last name,98
1661,64,NCP first name,98
1662,67,NCP Social Security number,98
1663,68,NCP date of birth,98
1664,123,Employer name,98
1665,124,Employer street address,98
1666,126,Employer city,98
1667,127,Employer state,98
1668,128,Employer ZIP Code,98
1669,130,Employer telephone number,98
1670,131,Required if employer entered,98
1671,133,=N,98
1672,7,003,99
1673,8,Fill as appropriate,99
1674,11,P,99
1675,12,LO1,99
1676,15,Other case ID,99
1677,16,LSADR,99
1678,18,=N,99
1679,19,=1,99
1680,20,=1,99
1681,21,=1,99
1682,22,=0 (numeric),99
1683,23,=0 (numeric),99
1684,24,=0 (numeric),99
1685,25,=0 (numeric),99
1686,32,Any case type,99
1687,33,=O (alpha),99
1688,40,Your state contact last name,99
1689,41,Your state contact first name,99
1690,44,Contact address,99
1691,46,Contact city,99
1692,47,Contact state,99
1693,48,Contact ZIP Code,99
1694,50,Contact phone number,99
1695,63,NCP last name,99
1696,64,NCP first name,99
1697,67,NCP Social Security number,99
1698,68,NCP date of birth,99
1699,83,Street address,99
1700,85,City,99
1701,86,State,99
1702,87,ZIP Code,99
1703,95,Required if residential address entered,99
1704,97,=Y,99
1705,7,003,100
1706,8,Fill as appropriate,100
1707,11,P,100
1708,12,LO1,100
1709,15,Other case ID,100
1710,16,LSALL,100
1711,18,=N,100
1712,19,=1,100
1713,20,=1,100
1714,21,=1,100
1715,22,=0 (numeric),100
1716,23,=0 (numeric),100
1717,24,=0 (numeric),100
1718,25,=0 (numeric),100
1719,32,Any case type,100
1720,33,=O (alpha),100
1721,40,Your state contact last name,100
1722,41,Your state contact first name,100
1723,44,Contact address,100
1724,46,Contact city,100
1725,47,Contact state,100
1726,48,Contact ZIP Code,100
1727,50,Contact phone number,100
1728,63,NCP last name,100
1729,64,NCP first name,100
1730,67,NCP Social Security number,100
1731,68,NCP date of birth,100
1732,83,Street address,100
1733,85,City,100
1734,86,State,100
1735,87,ZIP Code,100
1736,95,Required if residential address entered,100
1737,97,=Y,100
1738,123,Employer name,100
1739,124,Employer street address,100
1740,126,Employer city,100
1741,127,Employer state,100
1742,128,Employer ZIP Code,100
1743,130,Employer telephone number,100
1744,131,Required if employer entered,100
1745,133,=N,100
1746,7,003,101
1747,8,Fill as appropriate,101
1748,11,P,101
1749,12,LO1,101
1750,15,Other case ID,101
1751,16,LSEMP,101
1752,18,=N,101
1753,19,=1,101
1754,20,=1,101
1755,21,=1,101
1756,22,=0 (numeric),101
1757,23,=0 (numeric),101
1758,24,=0 (numeric),101
1759,25,=0 (numeric),101
1760,32,Any case type,101
1761,33,=O (alpha),101
1762,40,Your state contact last name,101
1763,41,Your state contact first name,101
1764,44,Contact address,101
1765,46,Contact city,101
1766,47,Contact state,101
1767,48,Contact ZIP Code,101
1768,50,Contact phone number,101
1769,63,NCP last name,101
1770,64,NCP first name,101
1771,67,NCP Social Security number,101
1772,68,Date of birth,101
1773,123,Employer name,101
1774,124,Employer street address,101
1775,126,Employer city,101
1776,127,Employer state,101
1777,128,Employer ZIP Code,101
1778,130,Employer telephone number,101
1779,131,Required if employer entered,101
1780,133,=Y,101
1781,7,003,102
1782,8,Fill as appropriate,102
1783,11,P,102
1784,12,LO1,102
1785,15,Other case ID,102
1786,16,LSOTH,102
1787,18,=N,102
1788,19,=1,102
1789,20,=1,102
1790,21,=1,102
1791,22,=0 (numeric),102
1792,23,=0 (numeric),102
1793,24,=0 (numeric),102
1794,25,Fill as appropriate,102
1795,32,Any case type,102
1796,33,=O (alpha),102
1797,40,Your state contact last name,102
1798,41,Your state contact first name,102
1799,44,Contact address,102
1800,46,Contact city,102
1801,47,Contact state,102
1802,48,Contact ZIP Code,102
1803,50,Contact phone number,102
1804,63,NCP last name,102
1805,64,NCP first name,102
1806,67,NCP Social Security number,102
1807,68,NCP date of birth,102
1808,83,Street address,102
1809,85,City,102
1810,86,State,102
1811,87,ZIP Code,102
1812,95,Required if residential address entered,102
1813,97,Fill as appropriate,102
1814,266,,102
1815,7,003,103
1816,8,Fill as appropriate,103
1817,11,P,103
1818,12,LO1,103
1819,15,Other case ID,103
1820,16,LUALL,103
1821,18,=N,103
1822,19,=1,103
1823,20,=1,103
1824,21,=0 (numeric),103
1825,22,=0 (numeric),103
1826,23,=0 (numeric),103
1827,24,=0 (numeric),103
1828,25,=0 (numeric),103
1829,32,Any case type,103
1830,33,Fill as appropriate,103
1831,40,Your state contact last name,103
1832,41,Your state contact first name,103
1833,44,Contact address,103
1834,46,Contact city,103
1835,47,Contact state,103
1836,48,Contact ZIP Code,103
1837,50,Contact phone number,103
1838,63,NCP last name,103
1839,64,NCP first name,103
1840,67,NCP Social Security number,103
1841,68,NCP date of birth,103
1842,7,003,104
1843,8,Fill as appropriate,104
1844,11,P,104
1845,12,LO1,104
1846,15,Other case ID,104
1847,16,LUAPD,104
1848,18,=N,104
1849,19,=1,104
1850,20,=1,104
1851,21,=0 (numeric),104
1852,22,=0 (numeric),104
1853,23,=0 (numeric),104
1854,24,=0 (numeric),104
1855,25,=Fill as appropriate,104
1856,32,Any case type,104
1857,33,Fill as appropriate,104
1858,40,Your state contact last name,104
1859,41,Your state contact first name,104
1860,44,Contact address,104
1861,46,Contact city,104
1862,47,Contact state,104
1863,48,Contact ZIP Code,104
1864,50,Contact phone number,104
1865,63,NCP last name,104
1866,64,NCP first name,104
1867,67,NCP Social Security number,104
1868,68,NCP date of birth,104
1869,266,=O (Alpha),104
1870,7,003,105
1871,8,Fill as appropriate,105
1872,11,P,105
1873,12,MSC,105
1874,14,Your case ID,105
1875,15,Other case ID,105
1876,16,GIHER,105
1877,17,The date the event will occur,105
1878,18,=N,105
1879,19,=1,105
1880,20,=1,105
1881,21,=0 (numeric),105
1882,22,=1,105
1883,23,=0 (numeric),105
1884,24,=0 (numeric),105
1885,25,=0 (numeric),105
1886,32,Fill as appropriate,105
1887,33,=O (alpha),105
1888,40,Your state contact last name,105
1889,41,Your state contact first name,105
1890,44,Contact address,105
1891,46,Contact city,105
1892,47,Contact state,105
1893,48,Contact ZIP Code,105
1894,50,Contact phone number,105
1895,63,NCP last name,105
1896,64,NCP first name,105
1897,67,NCP Social Security number,105
1898,68,NCP date of birth,105
1899,193,Participant last name,105
1900,194,Participant first name,105
1901,201,Fill as appropriate,105
1902,202,=O (alpha),105
1903,7,003,106
1904,8,Fill as appropriate,106
1905,11,P,106
1906,12,MSC,106
1907,14,Your case ID,106
1908,15,Other case ID,106
1909,16,GSADD,106
1910,18,=N,106
1911,19,=1,106
1912,20,=1,106
1913,21,=0 (numeric),106
1914,22,Fill as appropriate,106
1915,23,=0 (numeric),106
1916,24,=0 (numeric),106
1917,25,=0 (numeric),106
1918,32,Fill as appropriate,106
1919,33,=O (alpha),106
1920,40,Your state contact last name,106
1921,41,Your state contact first name,106
1922,44,Contact address,106
1923,46,Contact city,106
1924,47,Contact state,106
1925,48,Contact ZIP Code,106
1926,50,Contact phone number,106
1927,63,NCP last name,106
1928,64,NCP first name,106
1929,67,NCP Social Security number,106
1930,68,NCP date of birth,106
1931,193,Participant last name,106
1932,194,Participant first name,106
1933,201,Fill as appropriate,106
1934,202,=O (alpha),106
1935,7,003,107
1936,8,Fill as appropriate,107
1937,11,P,107
1938,12,MSC,107
1939,14,Your case ID,107
1940,15,Other case ID,107
1941,16,GSC02,107
1942,18,=N,107
1943,17,The date case was closed,107
1944,19,=1,107
1945,20,=1,107
1946,21,=0 (numeric),107
1947,22,Fill as appropriate,107
1948,23,=0 (numeric),107
1949,24,=0 (numeric),107
1950,25,=0 (numeric),107
1951,32,Fill as appropriate,107
1952,33,=C,107
1953,40,Your state contact last name,107
1954,41,Your state contact first name,107
1955,44,Contact address,107
1956,46,Contact city,107
1957,47,Contact state,107
1958,48,Contact ZIP Code,107
1959,50,Contact phone number,107
1960,63,NCP last name,107
1961,64,NCP first name,107
1962,67,NCP Social Security number,107
1963,68,NCP date of birth,107
1964,193,Participant last name,107
1965,194,Participant first name,107
1966,201,Fill as appropriate,107
1967,202,=C,107
1968,7,003,108
1969,8,Fill as appropriate,108
1970,11,P,108
1971,12,MSC,108
1972,14,Your case ID,108
1973,15,Other case ID,108
1974,16,GSC03,108
1975,17,Date case was closed,108
1976,18,=N,108
1977,19,=1,108
1978,20,=1,108
1979,21,=0 (numeric),108
1980,22,Fill as appropriate,108
1981,23,=0 (numeric),108
1982,24,=0 (numeric),108
1983,25,=0 (numeric),108
1984,32,Fill as appropriate,108
1985,33,=C,108
1986,40,Your state contact last name,108
1987,41,Your state contact first name,108
1988,44,Contact address,108
1989,46,Contact city,108
1990,47,Contact state,108
1991,48,Contact ZIP Code,108
1992,50,Contact phone number,108
1993,63,NCP last name,108
1994,64,NCP first name,108
1995,67,NCP Social Security number,108
1996,68,NCP date of birth,108
1997,193,Participant last name,108
1998,194,Participant first name,108
1999,201,Fill as appropriate,108
2000,202,=C,108
2001,7,003,109
2002,8,Fill as appropriate,109
2003,11,P,109
2004,12,MSC,109
2005,14,Your case ID,109
2006,15,Other case ID,109
2007,16,GSC05,109
2008,17,Date case was closed,109
2009,18,=N,109
2010,19,=1,109
2011,20,=1,109
2012,21,=0 (numeric),109
2013,22,Fill as appropriate,109
2014,23,=0 (numeric),109
2015,24,=0 (numeric),109
2016,25,=0 (numeric),109
2017,32,Fill as appropriate,109
2018,33,=C,109
2019,40,Your state contact last name,109
2020,41,Your state contact first name,109
2021,44,Contact address,109
2022,46,Contact city,109
2023,47,Contact state,109
2024,48,Contact ZIP Code,109
2025,50,Contact phone number,109
2026,63,NCP last name,109
2027,64,NCP first name,109
2028,67,NCP Social Security number,109
2029,68,NCP date of birth,109
2030,193,Participant last name,109
2031,194,Participant first name,109
2032,201,Fill as appropriate,109
2033,202,=C,109
2034,7,003,110
2035,8,Fill as appropriate,110
2036,11,P,110
2037,12,MSC,110
2038,14,Your case ID,110
2039,15,Other case ID,110
2040,16,GSC5B,110
2041,17,Date case was closed,110
2042,18,=N,110
2043,19,=1,110
2044,20,=1,110
2045,21,=0 (numeric),110
2046,22,Fill as appropriate,110
2047,23,=0 (numeric),110
2048,24,=0 (numeric),110
2049,25,=0 (numeric),110
2050,32,Fill as appropriate,110
2051,33,=C,110
2052,40,Your state contact last name,110
2053,41,Your state contact first name,110
2054,44,Contact address,110
2055,46,Contact city,110
2056,47,Contact state,110
2057,48,Contact ZIP Code,110
2058,50,Contact phone number,110
2059,63,NCP last name,110
2060,64,NCP first name,110
2061,67,NCP Social Security number,110
2062,68,NCP date of birth,110
2063,193,Participant last name,110
2064,194,Participant first name,110
2065,201,Fill as appropriate,110
2066,202,=C,110
2067,7,003,111
2068,8,Fill as appropriate,111
2069,11,P,111
2070,12,MSC,111
2071,14,Your case ID,111
2072,15,Other case ID,111
2073,16,GSC06,111
2074,17,Date case was closed,111
2075,18,=N,111
2076,19,=1,111
2077,20,=1,111
2078,21,=0 (numeric),111
2079,22,Fill as appropriate,111
2080,23,=0 (numeric),111
2081,24,=0 (numeric),111
2082,25,=0 (numeric),111
2083,32,Fill as appropriate,111
2084,33,=C,111
2085,40,Your state contact last name,111
2086,41,Your state contact first name,111
2087,44,Contact address,111
2088,46,Contact city,111
2089,47,Contact state,111
2090,48,Contact ZIP Code,111
2091,50,Contact phone number,111
2092,63,NCP last name,111
2093,64,NCP first name,111
2094,67,NCP Social Security number,111
2095,68,NCP date of birth,111
2096,193,Participant last name,111
2097,194,Participant first name,111
2098,201,Fill as appropriate,111
2099,202,=C,111
2100,7,003,112
2101,8,Fill as appropriate,112
2102,11,P,112
2103,12,MSC,112
2104,14,Your case ID,112
2105,15,Other case ID,112
2106,16,GSC07,112
2107,17,Date case was closed,112
2108,18,=N,112
2109,19,=1,112
2110,20,=1,112
2111,21,=0 (numeric),112
2112,22,Fill as appropriate,112
2113,23,=0 (numeric),112
2114,24,=0 (numeric),112
2115,25,=0 (numeric),112
2116,32,Fill as appropriate,112
2117,33,=C,112
2118,40,Your state contact last name,112
2119,41,Your state contact first name,112
2120,44,Contact address,112
2121,46,Contact city,112
2122,47,Contact state,112
2123,48,Contact ZIP Code,112
2124,50,Contact phone number,112
2125,63,NCP last name,112
2126,64,NCP first name,112
2127,67,NCP Social Security number,112
2128,68,NCP date of birth,112
2129,193,Participant last name,112
2130,194,Participant first name,112
2131,201,Fill as appropriate,112
2132,202,=C,112
2133,7,003,113
2134,8,Fill as appropriate,113
2135,11,P,113
2136,12,MSC,113
2137,14,Your case ID,113
2138,15,Other case ID,113
2139,16,GSC08,113
2140,17,Date case was closed,113
2141,18,=N,113
2142,19,=1,113
2143,20,=1,113
2144,21,=0 (numeric),113
2145,22,Fill as appropriate,113
2146,23,=0 (numeric),113
2147,24,=0 (numeric),113
2148,25,=0 (numeric),113
2149,32,Fill as appropriate,113
2150,33,=C,113
2151,40,Your state contact last name,113
2152,41,Your state contact first name,113
2153,44,Contact address,113
2154,46,Contact city,113
2155,47,Contact state,113
2156,48,Contact ZIP Code,113
2157,50,Contact phone number,113
2158,63,NCP last name,113
2159,64,NCP first name,113
2160,67,NCP Social Security number,113
2161,68,NCP date of birth,113
2162,193,Participant last name,113
2163,194,Participant first name,113
2164,201,Fill as appropriate,113
2165,202,=C,113
2166,7,003,114
2167,8,Fill as appropriate,114
2168,11,P,114
2169,12,MSC,114
2170,14,Your case ID,114
2171,15,Other case ID,114
2172,16,GSC09,114
2173,17,Date case was closed,114
2174,18,=N,114
2175,19,=1,114
2176,20,=1,114
2177,21,=0 (numeric),114
2178,22,Fill as appropriate,114
2179,23,=0 (numeric),114
2180,24,=0 (numeric),114
2181,25,=0 (numeric),114
2182,32,Fill as appropriate,114
2183,33,=C,114
2184,40,Your state contact last name,114
2185,41,Your state contact first name,114
2186,44,Contact address,114
2187,46,Contact city,114
2188,47,Contact state,114
2189,48,Contact ZIP Code,114
2190,50,Contact phone number,114
2191,63,NCP last name,114
2192,64,NCP first name,114
2193,67,NCP Social Security number,114
2194,68,NCP date of birth,114
2195,193,Participant last name,114
2196,194,Participant first name,114
2197,201,Fill as appropriate,114
2198,202,=C,114
2199,7,003,115
2200,8,Fill as appropriate,115
2201,11,P,115
2202,12,MSC,115
2203,14,Your case ID,115
2204,15,Other case ID,115
2205,16,GSC10,115
2206,17,Date case was closed,115
2207,18,=N,115
2208,19,=1,115
2209,20,=1,115
2210,21,=0 (numeric),115
2211,22,Fill as appropriate,115
2212,23,=0 (numeric),115
2213,24,=0 (numeric),115
2214,25,=0 (numeric),115
2215,32,Fill as appropriate,115
2216,33,=C,115
2217,40,Your state contact last name,115
2218,41,Your state contact first name,115
2219,44,Contact address,115
2220,46,Contact city,115
2221,47,Contact state,115
2222,48,Contact ZIP Code,115
2223,50,Contact phone number,115
2224,63,NCP last name,115
2225,64,NCP first name,115
2226,67,NCP Social Security number,115
2227,68,NCP date of birth,115
2228,193,Participant last name,115
2229,194,Participant first name,115
2230,201,Fill as appropriate,115
2231,202,=C,115
2232,7,003,116
2233,8,Fill as appropriate,116
2234,11,P,116
2235,12,MSC,116
2236,14,Your case ID,116
2237,15,Other case ID,116
2238,16,GSC11,116
2239,17,Date case was closed,116
2240,18,=N,116
2241,19,=1,116
2242,20,=1,116
2243,21,=0 (numeric),116
2244,22,Fill as appropriate,116
2245,23,=0 (numeric),116
2246,24,=0 (numeric),116
2247,25,=0 (numeric),116
2248,32,Fill as appropriate,116
2249,33,=C,116
2250,40,Your state contact last name,116
2251,41,Your state contact first name,116
2252,44,Contact address,116
2253,46,Contact city,116
2254,47,Contact state,116
2255,48,Contact ZIP Code,116
2256,50,Contact phone number,116
2257,63,NCP last name,116
2258,64,NCP first name,116
2259,67,NCP Social Security number,116
2260,68,NCP date of birth,116
2261,193,Participant last name,116
2262,194,Participant first name,116
2263,201,Fill as appropriate,116
2264,202,=C,116
2265,7,003,117
2266,8,Fill as appropriate,117
2267,11,P,117
2268,12,MSC,117
2269,14,Your case ID,117
2270,15,Other case ID,117
2271,16,GSC12,117
2272,17,Date case was closed,117
2273,18,=N,117
2274,19,=1,117
2275,20,=1,117
2276,21,=0 (numeric),117
2277,22,Fill as appropriate,117
2278,23,=0 (numeric),117
2279,24,=0 (numeric),117
2280,25,=0 (numeric),117
2281,32,Fill as appropriate,117
2282,33,=C,117
2283,40,Your state contact last name,117
2284,41,Your state contact first name,117
2285,44,Contact address,117
2286,46,Contact city,117
2287,47,Contact state,117
2288,48,Contact ZIP Code,117
2289,50,Contact phone number,117
2290,63,NCP last name,117
2291,64,NCP first name,117
2292,67,NCP Social Security number,117
2293,68,NCP date of birth,117
2294,193,Participant last name,117
2295,194,Participant first name,117
2296,201,Fill as appropriate,117
2297,202,=C,117
2298,7,003,118
2299,8,Fill as appropriate,118
2300,11,P,118
2301,12,MSC,118
2302,14,Your case ID,118
2303,15,Other case ID,118
2304,16,GSC4A,118
2305,17,Date case was closed,118
2306,18,=N,118
2307,19,=1,118
2308,20,=1,118
2309,21,=0 (numeric),118
2310,22,Fill as appropriate,118
2311,23,=0 (numeric),118
2312,24,=0 (numeric),118
2313,25,=0 (numeric),118
2314,32,Fill as appropriate,118
2315,33,=C,118
2316,40,Your state contact last name,118
2317,41,Your state contact first name,118
2318,44,Contact address,118
2319,46,Contact city,118
2320,47,Contact state,118
2321,48,Contact ZIP Code,118
2322,50,Contact phone number,118
2323,63,NCP last name,118
2324,64,NCP first name,118
2325,67,NCP Social Security number,118
2326,68,NCP date of birth,118
2327,193,Participant last name,118
2328,194,Participant first name,118
2329,201,Fill as appropriate,118
2330,202,=C,118
2331,7,003,119
2332,8,Fill as appropriate,119
2333,11,P,119
2334,12,MSC,119
2335,14,Your case ID,119
2336,15,Other case ID,119
2337,16,GSC4B,119
2338,17,Date case was closed,119
2339,18,=N,119
2340,19,=1,119
2341,20,=1,119
2342,21,=0 (numeric),119
2343,22,Fill as appropriate,119
2344,23,=0 (numeric),119
2345,24,=0 (numeric),119
2346,25,=0 (numeric),119
2347,32,Fill as appropriate,119
2348,33,=C,119
2349,40,Your state contact last name,119
2350,41,Your state contact first name,119
2351,44,Contact address,119
2352,46,Contact city,119
2353,47,Contact state,119
2354,48,Contact ZIP Code,119
2355,50,Contact phone number,119
2356,63,NCP last name,119
2357,64,NCP first name,119
2358,67,NCP Social Security number,119
2359,68,NCP date of birth,119
2360,193,Participant last name,119
2361,194,Participant first name,119
2362,201,Fill as appropriate,119
2363,202,=C,119
2364,7,003,120
2365,8,Fill as appropriate,120
2366,11,P,120
2367,12,MSC,120
2368,14,Your case ID,120
2369,15,Other case ID,120
2370,16,GSC4C,120
2371,17,Date case was closed,120
2372,18,=N,120
2373,19,=1,120
2374,20,=1,120
2375,21,=0 (numeric),120
2376,22,Fill as appropriate,120
2377,23,=0 (numeric),120
2378,24,=0 (numeric),120
2379,25,=0 (numeric),120
2380,32,Fill as appropriate,120
2381,33,=C,120
2382,40,Your state contact last name,120
2383,41,Your state contact first name,120
2384,44,Contact address,120
2385,46,Contact city,120
2386,47,Contact state,120
2387,48,Contact ZIP Code,120
2388,50,Contact phone number,120
2389,63,NCP last name,120
2390,64,NCP first name,120
2391,67,NCP Social Security number,120
2392,68,NCP date of birth,120
2393,193,Participant last name,120
2394,194,Participant first name,120
2395,201,Fill as appropriate,120
2396,202,=C,120
2397,7,003,121
2398,8,Fill as appropriate,121
2399,11,P,121
2400,12,MSC,121
2401,14,Your case ID,121
2402,15,Other case ID,121
2403,16,GSC13,121
2404,17,Date case was closed,121
2405,18,=N,121
2406,19,=1,121
2407,20,=1,121
2408,21,=0 (numeric),121
2409,22,Fill as appropriate,121
2410,23,=0 (numeric),121
2411,24,=0 (numeric),121
2412,25,=0 (numeric),121
2413,32,Fill as appropriate,121
2414,33,=C,121
2415,40,Your state contact last name,121
2416,41,Your state contact first name,121
2417,44,Contact address,121
2418,46,Contact city,121
2419,47,Contact state,121
2420,48,Contact ZIP Code,121
2421,50,Contact phone number,121
2422,63,NCP last name,121
2423,64,NCP first name,121
2424,67,NCP Social Security number,121
2425,68,NCP date of birth,121
2426,193,Participant last name,121
2427,194,Participant first name,121
2428,201,Fill as appropriate,121
2429,202,=C,121
2430,7,003,122
2431,8,Fill as appropriate,122
2432,11,P,122
2433,12,MSC,122
2434,14,Your case ID,122
2435,15,Other case ID,122
2436,16,GSC14,122
2437,17,Date state intends to close the case,122
2438,18,=N,122
2439,19,=1,122
2440,20,=1,122
2441,21,=0 (numeric),122
2442,22,Fill as appropriate,122
2443,23,=0 (numeric),122
2444,24,=0 (numeric),122
2445,25,=0 (numeric),122
2446,32,Fill as appropriate,122
2447,33,=O (alpha),122
2448,40,Your state contact last name,122
2449,41,Your state contact first name,122
2450,44,Contact address,122
2451,46,Contact city,122
2452,47,Contact state,122
2453,48,Contact ZIP Code,122
2454,50,Contact phone number,122
2455,63,NCP last name,122
2456,64,NCP first name,122
2457,67,NCP Social Security number,122
2458,68,NCP date of birth,122
2459,193,Participant last name,122
2460,194,Participant first name,122
2461,201,Fill as appropriate,122
2462,202,=O (alpha),122
2463,7,003,123
2464,8,Fill as appropriate,123
2465,11,P,123
2466,12,MSC,123
2467,14,Your case ID,123
2468,15,Other case ID,123
2469,16,GSC15,123
2470,18,=N,123
2471,19,=1,123
2472,20,=1,123
2473,21,=0 (numeric),123
2474,22,Fill as appropriate,123
2475,23,=0 (numeric),123
2476,24,=0 (numeric),123
2477,25,=0 (numeric),123
2478,32,Fill as appropriate,123
2479,33,=C,123
2480,40,Your state contact last name,123
2481,41,Your state contact first name,123
2482,44,Contact address,123
2483,46,Contact city,123
2484,47,Contact state,123
2485,48,Contact ZIP Code,123
2486,50,Contact phone number,123
2487,63,NCP last name,123
2488,64,NCP first name,123
2489,67,NCP Social Security number,123
2490,68,NCP date of birth,123
2491,193,Participant last name,123
2492,194,Participant first name,123
2493,201,Fill as appropriate,123
2494,202,=C,123
2495,7,003,124
2496,8,Fill as appropriate,124
2497,11,P,124
2498,12,MSC,124
2499,14,Your case ID,124
2500,15,Other case ID,124
2501,16,GSC16,124
2502,17,Date case was closed,124
2503,18,=N,124
2504,19,=1,124
2505,20,=1,124
2506,21,=0 (numeric),124
2507,22,Fill as appropriate,124
2508,23,=0 (numeric),124
2509,24,=0 (numeric),124
2510,25,=0 (numeric),124
2511,32,Fill as appropriate,124
2512,33,=C,124
2513,40,Your state contact last name,124
2514,41,Your state contact first name,124
2515,44,Contact address,124
2516,46,Contact city,124
2517,47,Contact state,124
2518,48,Contact ZIP Code,124
2519,50,Contact phone number,124
2520,63,NCP last name,124
2521,64,NCP first name,124
2522,67,NCP Social Security number,124
2523,68,NCP date of birth,124
2524,193,Participant last name,124
2525,194,Participant first name,124
2526,201,Fill as appropriate,124
2527,202,=C,124
2528,7,003,125
2529,8,Fill as appropriate,125
2530,11,P,125
2531,12,MSC,125
2532,14,Your case ID,125
2533,15,Other case ID,125
2534,16,GSC17,125
2535,18,=N,125
2536,19,=1,125
2537,20,=1,125
2538,21,=0 (numeric),125
2539,22,Fill as appropriate,125
2540,23,=0 (numeric),125
2541,24,=0 (numeric),125
2542,25,=0 (numeric),125
2543,32,Fill as appropriate,125
2544,33,=C,125
2545,40,Your state contact last name,125
2546,41,Your state contact first name,125
2547,44,Contact address,125
2548,46,Contact city,125
2549,47,Contact state,125
2550,48,Contact ZIP Code,125
2551,50,Contact phone number,125
2552,63,NCP last name,125
2553,64,NCP first name,125
2554,67,NCP Social Security number,125
2555,68,Provide the NCP date of birth,125
2556,193,Participant last name,125
2557,194,Participant first name,125
2558,201,Fill as appropriate,125
2559,202,=C,125
2560,7,003,126
2561,8,Fill as appropriate,126
2562,11,P,126
2563,12,MSC,126
2564,14,Your case ID,126
2565,15,Other case ID,126
2566,16,GSC18,126
2567,17,Date case was closed,126
2568,18,=N,126
2569,19,=1,126
2570,20,=1,126
2571,21,=0 (numeric),126
2572,22,Fill as appropriate,126
2573,23,=0 (numeric),126
2574,24,=0 (numeric),126
2575,25,=0 (numeric),126
2576,32,Fill as appropriate,126
2577,33,=C,126
2578,40,Your state contact last name,126
2579,41,Your state contact first name,126
2580,44,Contact address,126
2581,46,Contact city,126
2582,47,Contact state,126
2583,48,Contact ZIP Code,126
2584,50,Contact phone number,126
2585,63,NCP last name,126
2586,64,NCP first name,126
2587,67,NCP Social Security number,126
2588,68,NCP date of birth,126
2589,193,Participant last name,126
2590,194,Participant first name,126
2591,201,Fill as appropriate,126
2592,202,=C,126
2593,7,003,127
2594,8,Fill as appropriate,127
2595,11,P,127
2596,12,MSC,127
2597,14,Your case ID,127
2598,15,Other case ID,127
2599,16,GSCAS,127
2600,18,=N,127
2601,19,=1,127
2602,20,=1,127
2603,21,=0 (numeric),127
2604,22,Fill as appropriate,127
2605,23,=0 (numeric),127
2606,24,=0 (numeric),127
2607,25,=1,127
2608,32,Fill as appropriate,127
2609,33,=O (alpha),127
2610,40,Your state contact last name,127
2611,41,Your state contact first name,127
2612,44,Contact address,127
2613,46,Contact city,127
2614,47,Contact state,127
2615,48,Contact ZIP Code,127
2616,50,Contact phone number,127
2617,63,NCP last name,127
2618,64,NCP first name,127
2619,67,NCP Social Security number,127
2620,68,NCP date of birth,127
2621,193,Participant last name,127
2622,194,Participant first name,127
2623,201,Fill as appropriate,127
2624,202,=O (alpha),127
2625,267,New case ID,127
2626,7,003,128
2627,8,Fill as appropriate,128
2628,11,P,128
2629,12,MSC,128
2630,14,Your case ID,128
2631,15,Other case ID,128
2632,16,GSDEL,128
2633,18,=N,128
2634,19,=1,128
2635,20,=1,128
2636,21,=0 (Numeric),128
2637,22,Fill as appropriate,128
2638,23,=0 (numeric),128
2639,24,=0 (numeric),128
2640,25,=0 (numeric),128
2641,32,Fill as appropriate,128
2642,33,=O (alpha),128
2643,40,Your state contact last name,128
2644,41,Your state contact first name,128
2645,44,Contact address,128
2646,46,Contact city,128
2647,47,Contact state,128
2648,48,Contact ZIP Code,128
2649,50,Contact phone number,128
2650,63,NCP last name,128
2651,64,NCP first name,128
2652,67,NCP Social Security number,128
2653,68,NCP date of birth,128
2654,193,Participant last name,128
2655,194,Participant first name,128
2656,201,Fill as appropriate,128
2657,202,=C,128
2658,7,003,129
2659,8,Fill as appropriate,129
2660,11,P,129
2661,12,MSC,129
2662,14,Your case ID,129
2663,15,Other case ID,129
2664,16,GSFIP,129
2665,18,=N,129
2666,19,=1,129
2667,20,=1,129
2668,21,=0 (numeric),129
2669,22,Fill as appropriate,129
2670,23,=0 (numeric),129
2671,24,=0 (numeric),129
2672,25,=0 (numeric),129
2673,32,Fill as appropriate,129
2674,33,=O (alpha),129
2675,40,Your state contact last name,129
2676,41,Your state contact first name,129
2677,44,Contact address,129
2678,46,Contact city,129
2679,47,Contact state,129
2680,48,Contact ZIP Code,129
2681,50,Contact phone number,129
2682,63,NCP last name,129
2683,64,NCP first name,129
2684,67,NCP Social Security number,129
2685,68,NCP date of birth,129
2686,193,Participant last name,129
2687,194,Participant first name,129
2688,201,Fill as appropriate,129
2689,202,=O (alpha),129
2690,7,003,130
2691,8,Fill as appropriate,130
2692,11,P,130
2693,12,MSC,130
2694,14,Your case ID,130
2695,15,Other case ID,130
2696,16,GSFWD,130
2697,18,=N,130
2698,19,=1,130
2699,20,=1,130
2700,21,=0 (numeric),130
2701,22,Fill as appropriate,130
2702,23,=1 (numeric),130
2703,24,=0 (numeric),130
2704,25,Fill as appropriate,130
2705,32,Fill as appropriate,130
2706,33,=O (alpha),130
2707,40,Your state contact last name,130
2708,41,Your state contact first name,130
2709,44,Contact address,130
2710,46,Contact city,130
2711,47,Contact state,130
2712,48,Contact ZIP Code,130
2713,50,Contact phone number,130
2714,63,NCP last name,130
2715,64,NCP first name,130
2716,67,NCP Social Security number,130
2717,68,NCP date of birth,130
2718,193,Participant last name,130
2719,194,Participant first name,130
2720,201,Fill as appropriate,130
2721,202,=O (alpha),130
2722,83,NCP street address,130
2723,85,NCP city,130
2724,86,NCP state,130
2725,87,NCP ZIP Code,130
2726,95,Required if residential address is present,130
2727,97,=Y,130
2728,123,Employer name,130
2729,124,Employer address,130
2730,126,Employer city,130
2731,127,Employer State,130
2732,128,Employer ZIP Code,130
2733,131,Required if employer present,130
2734,133,=Y,130
2735,226,FIPS code of state that issued order,130
2736,227,FIPS code of county that issued order,130
2737,229,The order ID,130
2738,230,Date order was filed in your state,130
2739,231,Fill as appropriate,130
2740,232,Fill as appropriate,130
2741,233,Fill as appropriate,130
2742,234,Dollar amount per frequency,130
2743,235,Date the obligation starts to accrue,130
2744,253,Y or N,130
2745,268,=Fill as indicated under business usage,130
2746,7,003,131
2747,8,Fill as appropriate,131
2748,11,P,131
2749,12,MSC,131
2750,14,Your case ID,131
2751,15,Other case ID,131
2752,16,GSMAD,131
2753,18,=N,131
2754,19,=1,131
2755,20,=1,131
2756,21,=1,131
2757,22,Fill as appropriate,131
2758,23,=0 (numeric),131
2759,24,=0 (numeric),131
2760,25,=0 (numeric),131
2761,32,Fill as appropriate,131
2762,33,=O (alpha),131
2763,40,Your state contact last name,131
2764,41,Your state contact first name,131
2765,44,Contact address,131
2766,46,Contact city,131
2767,47,Contact state,131
2768,48,Contact ZIP Code,131
2769,50,Contact phone number,131
2770,63,NCP last name,131
2771,64,NCP first name,131
2772,67,NCP Social Security number,131
2773,68,NCP date of birth,131
2774,137,NCP insurance carrier’s name,131
2775,193,Participant last name,131
2776,194,Participant first name,131
2777,201,Fill as appropriate,131
2778,202,=O (alpha),131
2779,203,Fill as appropriate,131
2780,7,003,132
2781,8,Fill as appropriate,132
2782,11,P,132
2783,12,MSC,132
2784,14,Your case ID,132
2785,15,Other case ID,132
2786,16,GSMDE,132
2787,18,=N,132
2788,19,=1,132
2789,20,=1,132
2790,21,=1,132
2791,22,Fill as appropriate,132
2792,23,=0 (numeric),132
2793,24,=0 (numeric),132
2794,25,=0 (numeric),132
2795,32,Fill as appropriate,132
2796,33,=O (alpha),132
2797,40,Your state contact last name,132
2798,41,Your state contact first name,132
2799,44,Contact address,132
2800,46,Contact city,132
2801,47,Contact state,132
2802,48,Contact ZIP Code,132
2803,50,Contact phone number,132
2804,63,NCP last name,132
2805,64,NCP first name,132
2806,67,NCP Social Security number,132
2807,68,NCP date of birth,132
2808,137,NCP insurance carrier’s name,132
2809,138,NCP health insurance policy number,132
2810,193,Participant last name,132
2811,194,Participant first name,132
2812,201,Fill as appropriate,132
2813,202,=O (alpha),132
2814,203,Fill as appropriate,132
2815,7,003,133
2816,8,Fill as appropriate,133
2817,11,P,133
2818,12,MSC,133
2819,14,Your case ID,133
2820,15,Other case ID,133
2821,16,GSPAD,133
2822,18,=N,133
2823,19,=1,133
2824,20,=1,133
2825,21,=0 (numeric),133
2826,22,Fill as appropriate,133
2827,23,=0 (numeric),133
2828,24,=0 (numeric),133
2829,25,=0 (numeric),133
2830,32,Fill as appropriate,133
2831,33,=O (alpha),133
2832,36,Payment city,133
2833,37,Payment state,133
2834,40,Your state contact last name,133
2835,41,Your state contact first name,133
2836,44,Contact address,133
2837,46,Contact city,133
2838,47,Contact state,133
2839,48,Contact ZIP Code,133
2840,50,Contact phone number,133
2841,63,NCP last name,133
2842,64,NCP first name,133
2843,67,NCP Social Security number,133
2844,68,NCP date of birth,133
2845,193,Participant last name,133
2846,194,Participant first name,133
2847,201,Fill as appropriate,133
2848,202,=O (alpha),133
2849,7,003,134
2850,8,Fill as appropriate,134
2851,11,P,134
2852,12,MSC,134
2853,14,Your case ID,134
2854,15,Other case ID,134
2855,16,GSPAY,134
2856,18,=N,134
2857,19,=1,134
2858,20,=1,134
2859,21,=0 (numeric),134
2860,22,Fill as appropriate,134
2861,23,=0 (numeric),134
2862,24,=0 (numeric),134
2863,25,=0 (numeric),134
2864,32,Fill as appropriate,134
2865,33,=O (alpha),134
2866,36,Payment city,134
2867,37,Payment state,134
2868,40,Your state contact last name,134
2869,41,Your state contact first name,134
2870,44,Contact address,134
2871,46,Contact city,134
2872,47,Contact state,134
2873,48,Contact ZIP Code,134
2874,50,Contact phone number,134
2875,63,NCP last name,134
2876,64,NCP first name,134
2877,67,NCP Social Security number,134
2878,68,NCP date of birth,134
2879,193,Participant last name,134
2880,194,Participant first name,134
2881,201,Fill as appropriate,134
2882,202,=O (alpha),134
2883,7,003,135
2884,8,Fill as appropriate,135
2885,11,P,135
2886,12,MSC,135
2887,14,Your case ID,135
2888,15,Other case ID,135
2889,16,GSPUD,135
2890,18,=N,135
2891,19,=1,135
2892,20,=1,135
2893,21,=0 (numeric),135
2894,22,=1,135
2895,23,=0 (numeric),135
2896,24,=0 (numeric),135
2897,25,=1,135
2898,32,Fill as appropriate,135
2899,33,=O (alpha),135
2900,40,Your state contact last name,135
2901,41,Your state contact first name,135
2902,44,Contact address,135
2903,46,Contact city,135
2904,47,Contact state,135
2905,48,Contact ZIP Code,135
2906,50,Contact phone number,135
2907,63,NCP last name,135
2908,64,NCP first name,135
2909,67,NCP Social Security number,135
2910,68,NCP date of birth,135
2911,193,Participant last name,135
2912,194,Participant first name,135
2913,201,Fill as appropriate,135
2914,202,=O (alpha),135
2915,266,=O (alpha),135
2916,268,Fill as appropriate,135
2917,7,003,136
2918,8,Fill as appropriate,136
2919,11,P,136
2920,12,MSC,136
2921,14,Your case ID,136
2922,16,GSTAI,136
2923,18,=N,136
2924,19,=1,136
2925,20,=1,136
2926,21,=0 (Numeric),136
2927,22,Fill as appropriate,136
2928,23,Fill as appropriate,136
2929,24,=0 (Numeric),136
2930,25,=1,136
2931,32,Fill as appropriate,136
2932,33,=O (Alpha),136
2933,36,Payment city,136
2934,37,Payment state,136
2935,38,Payment ZIP Code,136
2936,40,Your state contact last name,136
2937,41,Your state contact first name,136
2938,44,Contact address,136
2939,46,Contact city,136
2940,47,Contact state,136
2941,48,Contact ZIP Code,136
2942,50,Contact phone number,136
2943,63,NCP last name,136
2944,64,NCP first name,136
2945,67,NCP Social Security number,136
2946,68,NCP date of birth,136
2947,193,Participant last name,136
2948,194,Participant first name,136
2949,197,Fill as appropriate,136
2950,201,Fill as appropriate,136
2951,202,=O (Alpha),136
2952,203,Fill as appropriate,136
2953,226,FIPS code of state that issued order,136
2954,227,FIPS code of county that issued order,136
2955,229,The order ID,136
2956,230,Date order was filed in your state,136
2957,231,Fill as appropriate,136
2958,232,Fill as appropriate,136
2959,233,Fill as appropriate,136
2960,234,Dollar amount per frequency,136
2961,235,Date obligation starts to accrue,136
2962,253,Y or N,136
2963,266,=O (alpha),136
2964,268,Fill as appropriate,136
2965,7,003,137
2966,8,Fill as appropriate,137
2967,11,P,137
2968,12,MSC,137
2969,14,Your case ID,137
2970,15,Other case ID,137
2971,16,GSTYP,137
2972,18,=N,137
2973,19,=1,137
2974,20,=1,137
2975,21,=0 (numeric),137
2976,22,=1,137
2977,23,=0 (numeric),137
2978,24,=0 (numeric),137
2979,25,=0 (numeric),137
2980,32,New case type except Non-IV-D,137
2981,33,=O (alpha),137
2982,40,Your state contact last name,137
2983,41,Your state contact first name,137
2984,44,Contact address,137
2985,46,Contact city,137
2986,47,Contact state,137
2987,48,Contact ZIP Code,137
2988,50,Contact phone number,137
2989,63,NCP last name,137
2990,64,NCP first name,137
2991,67,NCP Social Security number,137
2992,68,NCP date of birth,137
2993,193,Participant last name,137
2994,194,Participant first name,137
2995,201,Fill as appropriate,137
2996,202,=O (alpha),137
2997,7,003,138
2998,8,Fill as appropriate,138
2999,11,P,138
3000,12,MSC,138
3001,14,Your case ID,138
3002,15,Other case ID,138
3003,16,GSWKR,138
3004,18,=N,138
3005,19,=1,138
3006,20,=1,138
3007,21,=0 (numeric),138
3008,22,=1,138
3009,23,=0 (numeric),138
3010,24,=0 (numeric),138
3011,25,=0 (numeric),138
3012,32,Fill as appropriate,138
3013,33,=O (alpha),138
3014,40,Your state contact last name,138
3015,41,Your state contact first name,138
3016,44,Contact address,138
3017,46,Contact city,138
3018,47,Contact state,138
3019,48,Contact ZIP Code,138
3020,50,Contact phone number,138
3021,63,NCP last name,138
3022,64,NCP first name,138
3023,67,NCP Social Security number,138
3024,68,NCP date of birth,138
3025,193,Participant last name,138
3026,194,Participant first name,138
3027,201,Fill as appropriate,138
3028,202,=O (alpha),138
3029,7,003,139
3030,8,Fill as appropriate,139
3031,11,P,139
3032,12,MSC,139
3033,14,Your case ID,139
3034,15,Other case ID,139
3035,16,LICAD,139
3036,18,=N,139
3037,19,=1,139
3038,20,=1,139
3039,21,=1,139
3040,22,=1,139
3041,23,=0 (numeric),139
3042,24,=0 (numeric),139
3043,25,=0 (numeric),139
3044,32,Fill as appropriate,139
3045,33,=O (alpha),139
3046,40,Your state contact last name,139
3047,41,Your state contact first name,139
3048,44,Contact address,139
3049,46,Contact city,139
3050,47,Contact state,139
3051,48,Contact ZIP Code,139
3052,50,Contact phone number,139
3053,63,NCP last name,139
3054,64,NCP first name,139
3055,67,NCP Social Security number,139
3056,68,NCP date of birth,139
3057,83,NCP street address,139
3058,85,NCP city,139
3059,86,NCP state,139
3060,87,NCP ZIP Code,139
3061,95,Required if residential address present,139
3062,97,=N,139
3063,193,Participant last name,139
3064,194,Participant first name,139
3065,201,Fill as appropriate,139
3066,202,=O (alpha),139
3067,7,003,140
3068,8,Fill as appropriate,140
3069,11,P,140
3070,12,MSC,140
3071,14,Your case ID,140
3072,15,Other case ID,140
3073,16,LSADR,140
3074,18,=N,140
3075,19,=1,140
3076,20,=1,140
3077,21,=1,140
3078,22,=1,140
3079,23,=0 (numeric),140
3080,24,=0 (numeric),140
3081,25,=0 (numeric),140
3082,32,Fill as appropriate,140
3083,33,=O (alpha),140
3084,40,Your state contact last name,140
3085,41,Your state contact first name,140
3086,44,Contact address,140
3087,46,Contact city,140
3088,47,Contact state,140
3089,48,Contact ZIP Code,140
3090,50,Contact phone number,140
3091,63,NCP last name,140
3092,64,NCP first name,140
3093,67,NCP Social Security number,140
3094,68,NCP date of birth,140
3095,83,NCP street address,140
3096,85,NCP city,140
3097,86,NCP state,140
3098,87,NCP ZIP Code,140
3099,95,Required if address present,140
3100,97,=Y,140
3101,193,Participant last name,140
3102,194,Participant first name,140
3103,201,Fill as appropriate,140
3104,202,=O (Alpha),140
3105,7,003,141
3106,8,Fill as appropriate,141
3107,11,P,141
3108,12,MSC,141
3109,14,Your case ID,141
3110,15,Other case ID,141
3111,16,LSEMP,141
3112,18,=N,141
3113,19,=1,141
3114,20,=1,141
3115,21,=1,141
3116,22,=1,141
3117,23,=0 (numeric),141
3118,24,=0 (numeric),141
3119,25,=0 (numeric),141
3120,32,Fill as appropriate,141
3121,33,=O (alpha),141
3122,40,Your state contact last name,141
3123,41,Your state contact first name,141
3124,44,Contact address,141
3125,46,Contact city,141
3126,47,Contact state,141
3127,48,Contact ZIP Code,141
3128,50,Contact phone number,141
3129,63,NCP last name,141
3130,64,NCP first name,141
3131,67,NCP Social Security number,141
3132,68,NCP date of birth,141
3133,123,Employer name,141
3134,124,Employer address,141
3135,126,Employer city,141
3136,127,Employer State,141
3137,128,Employer ZIP Code,141
3138,131,Required if employer present,141
3139,133,=Y,141
3140,193,Participant last name,141
3141,194,Participant first name,141
3142,201,Fill as appropriate,141
3143,202,=O (alpha),141
3144,7,003,142
3145,8,Fill as appropriate,142
3146,11,P,142
3147,12,MSC,142
3148,14,Your case ID,142
3149,15,Other case ID,142
3150,16,LSOUT,142
3151,18,=N,142
3152,19,=1,142
3153,20,=1,142
3154,21,=1,142
3155,22,=1,142
3156,23,=0 (numeric),142
3157,24,=0 (numeric),142
3158,25,=0 (numeric),142
3159,32,Fill as appropriate,142
3160,33,=O (alpha),142
3161,40,Your state contact last name,142
3162,41,Your state contact first name,142
3163,44,Contact address,142
3164,46,Contact city,142
3165,47,Contact state,142
3166,48,Contact ZIP Code,142
3167,50,Contact phone number,142
3168,63,NCP last name,142
3169,64,NCP first name,142
3170,67,NCP Social Security number,142
3171,68,NCP date of birth,142
3172,83,NCP street address,142
3173,85,NCP city,142
3174,86,NCP state,142
3175,87,NCP ZIP Code,142
3176,95,Required if residential address present,142
3177,97,=Y,142
3178,193,Participant last name,142
3179,194,Participant first name,142
3180,201,Fill as appropriate,142
3181,202,=O (alpha),142
3182,7,003,143
3183,8,Fill as appropriate,143
3184,11,P,143
3185,12,MSC,143
3186,14,Your case ID,143
3187,15,Other case ID,143
3188,16,LUAPD,143
3189,18,=N,143
3190,19,=1,143
3191,20,=1,143
3192,21,=0 (numeric),143
3193,22,=1,143
3194,23,=0 (numeric),143
3195,24,=0 (numeric),143
3196,25,Fill as appropriate,143
3197,32,Fill as appropriate,143
3198,33,=O (alpha),143
3199,40,Your state contact last name,143
3200,41,Your state contact first name,143
3201,44,Contact address,143
3202,46,Contact city,143
3203,47,Contact state,143
3204,48,Contact ZIP Code,143
3205,50,Contact phone number,143
3206,63,NCP last name,143
3207,64,NCP first name,143
3208,67,NCP Social Security number,143
3209,68,NCP date of birth,143
3210,193,Participant last name,143
3211,194,Participant first name,143
3212,201,Fill as appropriate,143
3213,202,=O (alpha),143
3214,266,=O (alpha),143
3215,268,Fill as appropriate,143
3216,7,003,144
3217,8,Fill as appropriate,144
3218,11,P,144
3219,12,MSC,144
3220,14,Case ID received in the rejected transaction,144
3221,15,"Other case ID received in the rejected
transaction",144
3222,16,REJCT,144
3223,18,=N,144
3224,19,=0 (numeric),144
3225,20,=0 (numeric),144
3226,21,=0 (numeric),144
3227,22,=0 (numeric),144
3228,23,=0 (numeric),144
3229,24,=0 (numeric),144
3230,25,=1,144
3231,268,=Fill as indicated under business usage,144
3232,7,003,145
3233,8,Fill as appropriate,145
3234,11,R,145
3235,12,MSC,145
3236,14,Your case ID,145
3237,15,Other case ID,145
3238,16,GRINT,145
3239,18,=N,145
3240,19,=1,145
3241,20,=1,145
3242,21,=0 (Numeric),145
3243,22,Fill as appropriate,145
3244,23,Fill as appropriate,145
3245,24,=0 (Numeric),145
3246,25,=0 (Numeric),145
3247,32,Fill as appropriate,145
3248,33,=O (Alpha),145
3249,36,Payment city,145
3250,37,Payment state,145
3251,38,Payment ZIP Code,145
3252,40,Your state contact last name,145
3253,41,Your state contact first name,145
3254,44,Contact address,145
3255,46,Contact city,145
3256,47,Contact state,145
3257,48,Contact ZIP Code,145
3258,50,Contact phone number,145
3259,63,NCP last name,145
3260,64,NCP first name,145
3261,67,NCP Social Security number,145
3262,68,NCP date of birth,145
3263,193,Participant last name,145
3264,194,Participant first name,145
3265,197,Fill as appropriate,145
3266,201,Fill as appropriate,145
3267,202,=O (Alpha),145
3268,203,Fill as appropriate,145
3269,226,FIPS code of state that issued order,145
3270,227,FIPS code of county that issued order,145
3271,229,The order ID,145
3272,230,Date order was filed in your state,145
3273,231,Fill as appropriate,145
3274,232,Fill as appropriate,145
3275,233,Fill as appropriate,145
3276,234,Dollar amount per frequency,145
3277,235,Date the obligation starts to accrue,145
3278,253,Y or N,145
3279,7,003,146
3280,8,Fill as appropriate,146
3281,11,R,146
3282,12,MSC,146
3283,14,Your case ID,146
3284,16,GRPAY,146
3285,18,=N,146
3286,19,=1,146
3287,20,=1,146
3288,21,=1,146
3289,22,Fill as appropriate,146
3290,23,=1,146
3291,24,=0 (Numeric),146
3292,25,=1 (Numeric),146
3293,32,Fill as appropriate,146
3294,33,=O (Alpha),146
3295,36,Payment city,146
3296,37,Payment state,146
3297,38,Payment ZIP Code,146
3298,40,Your state contact last name,146
3299,41,Your state contact first name,146
3300,44,Contact address,146
3301,46,Contact city,146
3302,47,Contact state,146
3303,48,Contact ZIP Code,146
3304,50,Contact phone number,146
3305,63,NCP last name,146
3306,64,NCP first name,146
3307,67,NCP Social Security number,146
3308,68,NCP date of birth,146
3309,83,NCP street address,146
3310,85,NCP city,146
3311,86,NCP state,146
3312,87,NCP ZIP Code,146
3313,95,Required if residential address present,146
3314,97,Fill as appropriate,146
3315,193,Participant last name,146
3316,194,Participant first name,146
3317,197,Fill as appropriate,146
3318,201,Fill as appropriate,146
3319,202,=O (Alpha),146
3320,203,Fill as appropriate,146
3321,226,FIPS code of state that issued order,146
3322,227,FIPS code of county that issued order,146
3323,229,The order ID,146
3324,230,Date order was filed in your state,146
3325,231,Fill as appropriate,146
3326,232,Fill as appropriate,146
3327,233,Fill as appropriate,146
3328,234,Dollar amount per frequency,146
3329,235,Date obligation starts to accrue,146
3330,253,Y or N,146
3331,266,=O (alpha),146
3332,268,Fill as appropriate,146
3333,7,003,147
3334,11,R,147
3335,12,MSC,147
3336,14,Your case ID,147
3337,15,Other case ID,147
3338,16,GRPOC,147
3339,18,=N,147
3340,19,=1,147
3341,20,=1,147
3342,21,=0 (numeric),147
3343,22,=1,147
3344,23,=0 (numeric),147
3345,24,=0 (numeric),147
3346,25,Fill as appropriate,147
3347,32,Fill as appropriate,147
3348,33,=O (alpha),147
3349,40,Your state contact last name,147
3350,41,Your state contact first name,147
3351,44,Contact address,147
3352,46,Contact city,147
3353,47,Contact state,147
3354,48,Contact ZIP Code,147
3355,50,Contact phone number,147
3356,63,NCP last name,147
3357,64,NCP first name,147
3358,67,NCP Social Security number,147
3359,68,NCP date of birth,147
3360,193,Participant last name,147
3361,194,Participant first name,147
3362,201,Fill as appropriate,147
3363,202,=O (alpha),147
3364,203,Fill as appropriate,147
3365,266,=O (alpha),147
3366,268,Fill as appropriate,147
3367,7,003,148
3368,11,R,148
3369,12,MSC,148
3370,14,Your case ID,148
3371,15,Other case ID,148
3372,16,GRUPD,148
3373,18,=N,148
3374,19,=1,148
3375,20,=1,148
3376,21,=0 (numeric),148
3377,22,Fill as appropriate,148
3378,23,=0 (numeric),148
3379,24,=0 (numeric),148
3380,25,=0 (numeric),148
3381,32,Fill as appropriate,148
3382,33,=O (alpha),148
3383,40,Your state contact last name,148
3384,41,Your state contact first name,148
3385,44,Contact address,148
3386,46,Contact city,148
3387,47,Contact state,148
3388,48,Contact ZIP Code,148
3389,50,Contact phone number,148
3390,63,NCP last name,148
3391,64,NCP first name,148
3392,67,NCP Social Security number,148
3393,68,NCP date of birth,148
3394,193,Participant last name,148
3395,194,Participant first name,148
3396,201,Fill as appropriate,148
3397,202,=O (alpha),148
3398,203,Fill as appropriate,148
3399,7,003,168
3400,8,Fill as appropriate,168
3401,11,R,168
3402,12,PAT,168
3403,14,Your case ID,168
3404,18,=N,168
3405,19,=1 (numeric),168
3406,20,=1 (numeric),168
3407,21,=1 (numeric),168
3408,22,Fill as appropriate,168
3409,23,=0 (numeric),168
3410,24,=0 (numeric),168
3411,25,=0 (numeric),168
3412,32,Any case type except non-IV-D,168
3413,33,=O (alpha),168
3414,40,Your state contact last name,168
3415,41,Your state contact first name,168
3416,44,Contact address,168
3417,46,Contact city,168
3418,47,Contact state,168
3419,48,Contact ZIP Code,168
3420,63,NCP last name,168
3421,64,NCP first name,168
3422,67,NCP Social Security number,168
3423,68,NCP date of birth,168
3424,83,NCP address,168
3425,85,NCP city,168
3426,86,NCP state,168
3427,87,NCP ZIP Code,168
3428,97,=Y,168
3429,193,Participant last name,168
3430,194,Participant first name,168
3431,197,Participant date of birth,168
3432,198,Participant Social Security number,168
3433,201,Fill as appropriate,168
3434,202,=O (alpha),168
3435,203,Fill as appropriate,168
3436,7,003,169
3437,8,Fill as appropriate,169
3438,11,A,169
3439,12,PAT,169
3440,14,Your case ID,169
3441,15,Other case ID,169
3442,16,AADIN,169
3443,18,=N,169
3444,19,=1,169
3445,20,=1,169
3446,21,=0 (numeric),169
3447,22,=1,169
3448,23,=0 (numeric),169
3449,24,=0 (numeric),169
3450,25,=1,169
3451,32,Fill as appropriate,169
3452,33,=O (alpha),169
3453,40,Your state contact last name,169
3454,41,Your state contact first name,169
3455,44,Contact address,169
3456,46,Contact city,169
3457,47,Contact state,169
3458,48,Contact ZIP Code,169
3459,50,Contact phone number,169
3460,63,NCP last name,169
3461,64,NCP first name,169
3462,67,NCP Social Security number,169
3463,68,NCP date of birth,169
3464,193,Participant last name,169
3465,194,Participant first name,169
3466,201,Fill as appropriate,169
3467,202,=O (alpha),169
3468,266,=O (alpha),169
3469,268,Fill as appropriate,169
3470,7,003,170
3471,8,Fill as appropriate,170
3472,11,A,170
3473,12,PAT,170
3474,14,Your case ID,170
3475,15,Other case ID,170
3476,16,ANOAD,170
3477,18,=N,170
3478,19,=1,170
3479,20,=1,170
3480,21,=0 (numeric),170
3481,22,=1,170
3482,23,=0 (numeric),170
3483,24,=0 (numeric),170
3484,25,=0 (numeric),170
3485,32,Fill as appropriate,170
3486,33,=O (alpha),170
3487,40,Your state contact last name,170
3488,41,Your state contact first name,170
3489,44,Contact address,170
3490,46,Contact city,170
3491,47,Contact state,170
3492,48,Contact ZIP Code,170
3493,50,Contact phone number,170
3494,63,NCP last name,170
3495,64,NCP first name,170
3496,67,NCP Social Security number,170
3497,68,NCP date of birth,170
3498,193,Participant last name,170
3499,194,Participant first name,170
3500,201,Fill as appropriate,170
3501,202,=O (alpha),170
3502,7,003,171
3503,8,Fill as appropriate,171
3504,11,P,171
3505,12,PAT,171
3506,14,Your case ID,171
3507,15,Other case ID,171
3508,16,PIBTS,171
3509,17,Date genetic test scheduled,171
3510,18,=N,171
3511,19,=1,171
3512,20,=1,171
3513,21,=0 (numeric),171
3514,22,Fill as appropriate,171
3515,23,=0 (numeric),171
3516,24,=0 (numeric),171
3517,25,Fill as appropriate,171
3518,32,Fill as appropriate,171
3519,33,=O (alpha),171
3520,40,Your state contact last name,171
3521,41,Your state contact first name,171
3522,44,Contact address,171
3523,46,Contact city,171
3524,47,Contact state,171
3525,48,Contact ZIP Code,171
3526,50,Contact phone number,171
3527,63,NCP last name,171
3528,64,NCP first name,171
3529,67,NCP Social Security number,171
3530,68,NCP date of birth,171
3531,193,Participant last name,171
3532,194,Participant first name,171
3533,201,Fill as appropriate,171
3534,202,=O (alpha),171
3535,203,Fill as appropriate,171
3536,7,003,172
3537,8,Fill as appropriate,172
3538,11,P,172
3539,12,PAT,172
3540,14,Your case ID,172
3541,15,Other case ID,172
3542,16,PICHS,172
3543,17,Date hearing scheduled,172
3544,18,=N,172
3545,19,=1,172
3546,20,=1,172
3547,21,=0 (numeric),172
3548,22,Fill as appropriate,172
3549,23,=0 (numeric),172
3550,24,=0 (numeric),172
3551,25,Fill as appropriate,172
3552,32,Fill as appropriate,172
3553,33,=O (alpha),172
3554,40,Your state contact last name,172
3555,41,Your state contact first name,172
3556,44,Contact address,172
3557,46,Contact city,172
3558,47,Contact state,172
3559,48,Contact ZIP Code,172
3560,50,Contact phone number,172
3561,63,NCP last name,172
3562,64,NCP first name,172
3563,67,NCP Social Security number,172
3564,68,NCP date of birth,172
3565,193,Participant last name,172
3566,194,Participant first name,172
3567,201,Fill as appropriate,172
3568,202,=O (alpha),172
3569,203,Fill as appropriate,172
3570,7,003,173
3571,8,Fill as appropriate,173
3572,11,P,173
3573,12,PAT,173
3574,14,Your case ID,173
3575,15,Other case ID,173
3576,16,PIPNS,173
3577,18,=N,173
3578,19,=1,173
3579,20,=1,173
3580,21,=0 (numeric),173
3581,22,Fill as appropriate,173
3582,23,=0 (numeric),173
3583,24,=0 (numeric),173
3584,25,Fill as appropriate,173
3585,32,Fill as appropriate,173
3586,33,=O (alpha),173
3587,40,Your state contact last name,173
3588,41,Your state contact first name,173
3589,44,Contact address,173
3590,46,Contact city,173
3591,47,Contact state,173
3592,48,Contact ZIP Code,173
3593,50,Contact phone number,173
3594,63,NCP last name,173
3595,64,NCP first name,173
3596,67,NCP Social Security number,173
3597,68,NCP date of birth,173
3598,193,Participant last name,173
3599,194,Participant first name,173
3600,201,Fill as appropriate,173
3601,202,=O (alpha),173
3602,203,Fill as appropriate,173
3603,266,=O (alpha),173
3604,268,Fill as appropriate,173
3605,7,003,174
3606,8,Fill as appropriate,174
3607,11,P,174
3608,12,PAT,174
3609,14,Your case ID,174
3610,15,Other case ID,174
3611,16,PSESO,174
3612,18,=N,174
3613,19,=1,174
3614,20,=1,174
3615,21,=0 (numeric),174
3616,22,Fill as appropriate,174
3617,23,Fill as appropriate,174
3618,24,=0 (numeric),174
3619,25,=0 (numeric),174
3620,32,Fill as appropriate,174
3621,33,=O (alpha),174
3622,40,Your state contact last name,174
3623,41,Your state contact first name,174
3624,44,Contact address,174
3625,46,Contact city,174
3626,47,Contact state,174
3627,48,Contact ZIP Code,174
3628,50,Contact phone number,174
3629,63,NCP last name,174
3630,64,NCP first name,174
3631,67,NCP Social Security number,174
3632,68,NCP date of birth,174
3633,193,Participant last name,174
3634,194,Participant first name,174
3635,201,Fill as appropriate,174
3636,202,=O (alpha),174
3637,203,Fill as appropriate,174
3638,226,FIPS code of state that issued order,174
3639,227,FIPS code of county that issued order,174
3640,229,The order ID,174
3641,230,Date order was filed in your state,174
3642,231,Fill as appropriate,174
3643,232,Fill as appropriate,174
3644,233,Fill as appropriate,174
3645,234,Dollar amount per frequency,174
3646,235,Date the obligation starts to accrue,174
3647,253,Y or N,174
3648,7,003,175
3649,8,Fill as appropriate,175
3650,11,P,175
3651,12,PAT,175
3652,14,Your case ID,175
3653,15,Other case ID,175
3654,16,PSEST,175
3655,18,=N,175
3656,19,=1,175
3657,20,=1,175
3658,21,=0 (numeric),175
3659,22,Fill as appropriate,175
3660,23,=1,175
3661,24,=0 (numeric),175
3662,25,=0 (numeric),175
3663,32,Fill as appropriate,175
3664,33,=O (alpha),175
3665,40,Your state contact last name,175
3666,41,Your state contact first name,175
3667,44,Contact address,175
3668,46,Contact city,175
3669,47,Contact state,175
3670,48,Contact ZIP Code,175
3671,50,Contact phone number,175
3672,63,NCP last name,175
3673,64,NCP first name,175
3674,67,NCP Social Security number,175
3675,68,NCP date of birth,175
3676,193,Participant last name,175
3677,194,Participant first name,175
3678,201,Fill as appropriate,175
3679,202,=O (alpha),175
3680,203,Fill as appropriate,175
3681,226,FIPS code of state that issued order,175
3682,227,FIPS code of county that issued order,175
3683,229,The order ID,175
3684,230,Date order was filed in your state,175
3685,231,=P,175
3686,232,Fill as appropriate,175
3687,234,=+00000000.00,175
3688,7,003,176
3689,8,Fill as appropriate,176
3690,11,P,176
3691,12,PAT,176
3692,14,Your case ID,176
3693,15,Other case ID,176
3694,16,PSSTO,176
3695,18,=N,176
3696,19,=1,176
3697,20,=1,176
3698,21,=0 (numeric),176
3699,22,Fill as appropriate,176
3700,23,=1,176
3701,24,=0 (numeric),176
3702,25,=0 (numeric),176
3703,32,Fill as appropriate,176
3704,33,=O (alpha),176
3705,40,Your state contact last name,176
3706,41,Your state contact first name,176
3707,44,Contact address,176
3708,46,Contact city,176
3709,47,Contact state,176
3710,48,Contact ZIP Code,176
3711,50,Contact phone number,176
3712,63,NCP last name,176
3713,64,NCP first name,176
3714,67,NCP Social Security number,176
3715,68,NCP date of birth,176
3716,193,Participant last name,176
3717,194,Participant first name,176
3718,201,Fill as appropriate,176
3719,202,=O (alpha),176
3720,203,Fill as appropriate,176
3721,226,FIPS code of state that issued order,176
3722,227,FIPS code of county that issued order,176
3723,229,The order ID,176
3724,230,Date order was filed in your state,176
3725,231,P,176
3726,232,Fill as appropriate,176
3727,234,=+00000000.00,176
3728,7,003,177
3729,8,Fill as appropriate,177
3730,11,P,177
3731,12,PAT,177
3732,14,Your case ID,177
3733,15,Other case ID,177
3734,16,PUEST,177
3735,18,=N,177
3736,19,=1,177
3737,20,=1,177
3738,21,=0 (numeric),177
3739,22,Fill as appropriate,177
3740,23,=0 (numeric),177
3741,24,=0 (numeric),177
3742,25,Fill as appropriate,177
3743,32,Fill as appropriate,177
3744,33,=O (alpha),177
3745,40,Your state contact last name,177
3746,41,Your state contact first name,177
3747,44,Contact address,177
3748,46,Contact city,177
3749,47,Contact state,177
3750,48,Contact ZIP Code,177
3751,50,Contact phone number,177
3752,63,NCP last name,177
3753,64,NCP first name,177
3754,67,NCP Social Security number,177
3755,68,NCP date of birth,177
3756,193,Participant last name,177
3757,194,Participant first name,177
3758,201,Fill as appropriate,177
3759,202,=O (alpha),177
3760,203,Fill as appropriate,177
